年份,学科门类,学科专业（一级学科/专业学位类别）,A类总分,A类单科(满分=100),A类单科(满分>100),B类总分,B类单科(满分=100),B类单科(满分>100),官方URL,核对说明
2024,哲学[01],各学科专业,333,47,71,323,44,66,https://yz.chsi.com.cn/kyzx/kp/202403/20240312/2293269492.html,官方发布页 HTML 表格逐行核录；原始存证见 data/official/raw/chsi/
2024,经济学[02],各学科专业,338,47,71,328,44,66,https://yz.chsi.com.cn/kyzx/kp/202403/20240312/2293269492.html,官方发布页 HTML 表格逐行核录；原始存证见 data/official/raw/chsi/
2024,法学[03],各学科专业,331,47,71,321,44,66,https://yz.chsi.com.cn/kyzx/kp/202403/20240312/2293269492.html,官方发布页 HTML 表格逐行核录；原始存证见 data/official/raw/chsi/
2024,教育学[04],体育学[0403]、体育[0452],313,41,123,303,38,114,https://yz.chsi.com.cn/kyzx/kp/202403/20240312/2293269492.html,官方发布页 HTML 表格逐行核录；原始存证见 data/official/raw/chsi/
2024,教育学[04],教育[0451]、国际中文教育[0453]、学位授权自主审核单位自主设置的专业学位类别,350,51,77,340,48,72,https://yz.chsi.com.cn/kyzx/kp/202403/20240312/2293269492.html,官方发布页 HTML 表格逐行核录；原始存证见 data/official/raw/chsi/
2024,教育学[04],其他学科专业,350,51,153,340,48,144,https://yz.chsi.com.cn/kyzx/kp/202403/20240312/2293269492.html,官方发布页 HTML 表格逐行核录；原始存证见 data/official/raw/chsi/
2024,文学[05],各学科专业,365,55,83,355,52,78,https://yz.chsi.com.cn/kyzx/kp/202403/20240312/2293269492.html,官方发布页 HTML 表格逐行核录；原始存证见 data/official/raw/chsi/
2024,历史学[06],各学科专业,345,49,147,335,46,138,https://yz.chsi.com.cn/kyzx/kp/202403/20240312/2293269492.html,官方发布页 HTML 表格逐行核录；原始存证见 data/official/raw/chsi/
2024,理学[07],各学科专业,288,41,62,278,38,57,https://yz.chsi.com.cn/kyzx/kp/202403/20240312/2293269492.html,官方发布页 HTML 表格逐行核录；原始存证见 data/official/raw/chsi/
2024,工学[08],工学照顾专业,260,35,53,250,32,48,https://yz.chsi.com.cn/kyzx/kp/202403/20240312/2293269492.html,官方发布页 HTML 表格逐行核录；原始存证见 data/official/raw/chsi/
2024,工学[08],其他学科专业,273,37,56,263,34,51,https://yz.chsi.com.cn/kyzx/kp/202403/20240312/2293269492.html,官方发布页 HTML 表格逐行核录；原始存证见 data/official/raw/chsi/
2024,农学[09],各学科专业,251,33,50,241,30,45,https://yz.chsi.com.cn/kyzx/kp/202403/20240312/2293269492.html,官方发布页 HTML 表格逐行核录；原始存证见 data/official/raw/chsi/
2024,医学[10],中医学[1005]、中西医结合[1006]、中医[1057],303,42,126,293,39,117,https://yz.chsi.com.cn/kyzx/kp/202403/20240312/2293269492.html,官方发布页 HTML 表格逐行核录；原始存证见 data/official/raw/chsi/
2024,医学[10],其他学科专业,304,42,126,294,39,117,https://yz.chsi.com.cn/kyzx/kp/202403/20240312/2293269492.html,官方发布页 HTML 表格逐行核录；原始存证见 data/official/raw/chsi/
2024,军事学[11],各学科专业,260,35,53,250,32,48,https://yz.chsi.com.cn/kyzx/kp/202403/20240312/2293269492.html,官方发布页 HTML 表格逐行核录；原始存证见 data/official/raw/chsi/
2024,管理学[12],工商管理[1251]、旅游管理[1254]、学位授权自主审核单位自主设置的专业学位类别,162,39,78,152,34,68,https://yz.chsi.com.cn/kyzx/kp/202403/20240312/2293269492.html,官方发布页 HTML 表格逐行核录；原始存证见 data/official/raw/chsi/
2024,管理学[12],公共管理[1252],173,43,86,163,38,76,https://yz.chsi.com.cn/kyzx/kp/202403/20240312/2293269492.html,官方发布页 HTML 表格逐行核录；原始存证见 data/official/raw/chsi/
2024,管理学[12],会计[1253]、审计[1257],201,52,104,191,47,94,https://yz.chsi.com.cn/kyzx/kp/202403/20240312/2293269492.html,官方发布页 HTML 表格逐行核录；原始存证见 data/official/raw/chsi/
2024,管理学[12],图书情报[1255],198,51,102,188,46,92,https://yz.chsi.com.cn/kyzx/kp/202403/20240312/2293269492.html,官方发布页 HTML 表格逐行核录；原始存证见 data/official/raw/chsi/
2024,管理学[12],工程管理[1256],176,43,86,166,38,76,https://yz.chsi.com.cn/kyzx/kp/202403/20240312/2293269492.html,官方发布页 HTML 表格逐行核录；原始存证见 data/official/raw/chsi/
2024,管理学[12],其他学科专业,347,49,74,337,46,69,https://yz.chsi.com.cn/kyzx/kp/202403/20240312/2293269492.html,官方发布页 HTML 表格逐行核录；原始存证见 data/official/raw/chsi/
2024,艺术学[13],各学科专业,362,40,60,352,37,56,https://yz.chsi.com.cn/kyzx/kp/202403/20240312/2293269492.html,官方发布页 HTML 表格逐行核录；原始存证见 data/official/raw/chsi/
2024,交叉学科[14],各学科专业,275,39,59,265,36,54,https://yz.chsi.com.cn/kyzx/kp/202403/20240312/2293269492.html,官方发布页 HTML 表格逐行核录；原始存证见 data/official/raw/chsi/
2025,哲学[01],各学科专业,321,39,59,311,36,54,https://yz.chsi.com.cn/kyzx/kp/202502/20250224/2293352975.html,官方发布页 HTML 表格逐行核录；原始存证见 data/official/raw/chsi/
2025,经济学[02],各学科专业,323,40,60,313,37,56,https://yz.chsi.com.cn/kyzx/kp/202502/20250224/2293352975.html,官方发布页 HTML 表格逐行核录；原始存证见 data/official/raw/chsi/
2025,法学[03],各学科专业,323,40,60,313,37,56,https://yz.chsi.com.cn/kyzx/kp/202502/20250224/2293352975.html,官方发布页 HTML 表格逐行核录；原始存证见 data/official/raw/chsi/
2025,教育学[04],体育学[0403]、体育[0452],304,36,108,294,33,99,https://yz.chsi.com.cn/kyzx/kp/202502/20250224/2293352975.html,官方发布页 HTML 表格逐行核录；原始存证见 data/official/raw/chsi/
2025,教育学[04],教育[0451]、国际中文教育[0453],341,45,68,331,42,63,https://yz.chsi.com.cn/kyzx/kp/202502/20250224/2293352975.html,官方发布页 HTML 表格逐行核录；原始存证见 data/official/raw/chsi/
2025,教育学[04],其他学科专业,341,45,135,331,42,126,https://yz.chsi.com.cn/kyzx/kp/202502/20250224/2293352975.html,官方发布页 HTML 表格逐行核录；原始存证见 data/official/raw/chsi/
2025,文学[05],各学科专业,351,47,71,341,44,66,https://yz.chsi.com.cn/kyzx/kp/202502/20250224/2293352975.html,官方发布页 HTML 表格逐行核录；原始存证见 data/official/raw/chsi/
2025,历史学[06],各学科专业,336,43,129,326,40,120,https://yz.chsi.com.cn/kyzx/kp/202502/20250224/2293352975.html,官方发布页 HTML 表格逐行核录；原始存证见 data/official/raw/chsi/
2025,理学[07],各学科专业,274,34,51,264,31,47,https://yz.chsi.com.cn/kyzx/kp/202502/20250224/2293352975.html,官方发布页 HTML 表格逐行核录；原始存证见 data/official/raw/chsi/
2025,工学[08],工学照顾专业,251,33,50,241,30,45,https://yz.chsi.com.cn/kyzx/kp/202502/20250224/2293352975.html,官方发布页 HTML 表格逐行核录；原始存证见 data/official/raw/chsi/
2025,工学[08],其他学科专业,260,34,51,250,31,47,https://yz.chsi.com.cn/kyzx/kp/202502/20250224/2293352975.html,官方发布页 HTML 表格逐行核录；原始存证见 data/official/raw/chsi/
2025,农学[09],各学科专业,245,33,50,235,30,45,https://yz.chsi.com.cn/kyzx/kp/202502/20250224/2293352975.html,官方发布页 HTML 表格逐行核录；原始存证见 data/official/raw/chsi/
2025,医学[10],各学科专业,293,36,108,283,33,99,https://yz.chsi.com.cn/kyzx/kp/202502/20250224/2293352975.html,官方发布页 HTML 表格逐行核录；原始存证见 data/official/raw/chsi/
2025,军事学[11],各学科专业,260,34,51,250,31,47,https://yz.chsi.com.cn/kyzx/kp/202502/20250224/2293352975.html,官方发布页 HTML 表格逐行核录；原始存证见 data/official/raw/chsi/
2025,管理学[12],工商管理[1251]、旅游管理[1254],151,35,70,141,30,60,https://yz.chsi.com.cn/kyzx/kp/202502/20250224/2293352975.html,官方发布页 HTML 表格逐行核录；原始存证见 data/official/raw/chsi/
2025,管理学[12],公共管理[1252],164,38,76,154,33,66,https://yz.chsi.com.cn/kyzx/kp/202502/20250224/2293352975.html,官方发布页 HTML 表格逐行核录；原始存证见 data/official/raw/chsi/
2025,管理学[12],会计[1253]、审计[1257],194,48,96,184,43,86,https://yz.chsi.com.cn/kyzx/kp/202502/20250224/2293352975.html,官方发布页 HTML 表格逐行核录；原始存证见 data/official/raw/chsi/
2025,管理学[12],图书情报[1255],191,48,96,181,43,86,https://yz.chsi.com.cn/kyzx/kp/202502/20250224/2293352975.html,官方发布页 HTML 表格逐行核录；原始存证见 data/official/raw/chsi/
2025,管理学[12],工程管理[1256],162,38,76,152,33,66,https://yz.chsi.com.cn/kyzx/kp/202502/20250224/2293352975.html,官方发布页 HTML 表格逐行核录；原始存证见 data/official/raw/chsi/
2025,管理学[12],其他学科专业,333,41,62,323,38,57,https://yz.chsi.com.cn/kyzx/kp/202502/20250224/2293352975.html,官方发布页 HTML 表格逐行核录；原始存证见 data/official/raw/chsi/
2025,艺术学[13],各学科专业,351,37,56,341,34,51,https://yz.chsi.com.cn/kyzx/kp/202502/20250224/2293352975.html,官方发布页 HTML 表格逐行核录；原始存证见 data/official/raw/chsi/
2025,交叉学科[14],各学科专业,266,34,51,256,31,47,https://yz.chsi.com.cn/kyzx/kp/202502/20250224/2293352975.html,官方发布页 HTML 表格逐行核录；原始存证见 data/official/raw/chsi/
2026,哲学[01],各学科专业,326,41,62,316,38,57,https://yz.chsi.com.cn/kyzx/kp/202602/20260228/2293449093.html,官方发布页 HTML 表格逐行核录；原始存证见 data/official/raw/chsi/
2026,经济学[02],各学科专业,324,40,60,314,37,56,https://yz.chsi.com.cn/kyzx/kp/202602/20260228/2293449093.html,官方发布页 HTML 表格逐行核录；原始存证见 data/official/raw/chsi/
2026,法学[03],各学科专业,321,40,60,311,37,56,https://yz.chsi.com.cn/kyzx/kp/202602/20260228/2293449093.html,官方发布页 HTML 表格逐行核录；原始存证见 data/official/raw/chsi/
2026,教育学[04],体育学[0403]、体育[0452],310,38,114,300,35,105,https://yz.chsi.com.cn/kyzx/kp/202602/20260228/2293449093.html,官方发布页 HTML 表格逐行核录；原始存证见 data/official/raw/chsi/
2026,教育学[04],教育[0451]、国际中文教育[0453],347,48,72,337,45,68,https://yz.chsi.com.cn/kyzx/kp/202602/20260228/2293449093.html,官方发布页 HTML 表格逐行核录；原始存证见 data/official/raw/chsi/
2026,教育学[04],其他学科专业,347,48,144,337,45,135,https://yz.chsi.com.cn/kyzx/kp/202602/20260228/2293449093.html,官方发布页 HTML 表格逐行核录；原始存证见 data/official/raw/chsi/
2026,文学[05],各学科专业,354,48,72,344,45,68,https://yz.chsi.com.cn/kyzx/kp/202602/20260228/2293449093.html,官方发布页 HTML 表格逐行核录；原始存证见 data/official/raw/chsi/
2026,历史学[06],各学科专业,341,45,135,331,42,126,https://yz.chsi.com.cn/kyzx/kp/202602/20260228/2293449093.html,官方发布页 HTML 表格逐行核录；原始存证见 data/official/raw/chsi/
2026,理学[07],各学科专业,275,35,53,265,32,48,https://yz.chsi.com.cn/kyzx/kp/202602/20260228/2293449093.html,官方发布页 HTML 表格逐行核录；原始存证见 data/official/raw/chsi/
2026,工学[08],工学照顾专业,251,33,50,241,30,45,https://yz.chsi.com.cn/kyzx/kp/202602/20260228/2293449093.html,官方发布页 HTML 表格逐行核录；原始存证见 data/official/raw/chsi/
2026,工学[08],其他学科专业,264,35,53,254,32,48,https://yz.chsi.com.cn/kyzx/kp/202602/20260228/2293449093.html,官方发布页 HTML 表格逐行核录；原始存证见 data/official/raw/chsi/
2026,农学[09],各学科专业,240,33,50,230,30,45,https://yz.chsi.com.cn/kyzx/kp/202602/20260228/2293449093.html,官方发布页 HTML 表格逐行核录；原始存证见 data/official/raw/chsi/
2026,医学[10],各学科专业,294,36,108,284,33,99,https://yz.chsi.com.cn/kyzx/kp/202602/20260228/2293449093.html,官方发布页 HTML 表格逐行核录；原始存证见 data/official/raw/chsi/
2026,军事学[11],各学科专业,260,34,51,250,31,47,https://yz.chsi.com.cn/kyzx/kp/202602/20260228/2293449093.html,官方发布页 HTML 表格逐行核录；原始存证见 data/official/raw/chsi/
2026,管理学[12],工商管理[1251],146,35,70,136,30,60,https://yz.chsi.com.cn/kyzx/kp/202602/20260228/2293449093.html,官方发布页 HTML 表格逐行核录；原始存证见 data/official/raw/chsi/
2026,管理学[12],公共管理[1252],168,39,78,158,34,68,https://yz.chsi.com.cn/kyzx/kp/202602/20260228/2293449093.html,官方发布页 HTML 表格逐行核录；原始存证见 data/official/raw/chsi/
2026,管理学[12],会计[1253]、图书情报[1255]、审计[1257],199,51,102,189,46,92,https://yz.chsi.com.cn/kyzx/kp/202602/20260228/2293449093.html,官方发布页 HTML 表格逐行核录；原始存证见 data/official/raw/chsi/
2026,管理学[12],旅游管理[1254],151,35,70,141,30,60,https://yz.chsi.com.cn/kyzx/kp/202602/20260228/2293449093.html,官方发布页 HTML 表格逐行核录；原始存证见 data/official/raw/chsi/
2026,管理学[12],工程管理[1256],166,39,78,156,34,68,https://yz.chsi.com.cn/kyzx/kp/202602/20260228/2293449093.html,官方发布页 HTML 表格逐行核录；原始存证见 data/official/raw/chsi/
2026,管理学[12],其他学科专业,332,41,62,322,38,57,https://yz.chsi.com.cn/kyzx/kp/202602/20260228/2293449093.html,官方发布页 HTML 表格逐行核录；原始存证见 data/official/raw/chsi/
2026,艺术学[13],各学科专业,354,38,57,344,35,53,https://yz.chsi.com.cn/kyzx/kp/202602/20260228/2293449093.html,官方发布页 HTML 表格逐行核录；原始存证见 data/official/raw/chsi/
2026,交叉学科[14],各学科专业,266,35,53,256,32,48,https://yz.chsi.com.cn/kyzx/kp/202602/20260228/2293449093.html,官方发布页 HTML 表格逐行核录；原始存证见 data/official/raw/chsi/
