序号,院校代码,院校,年份,口径,专业/学科,总分线,官方URL,复核方法,结论
1,10336,杭州电子科技大学,2026,分专业复试线,081200计算机科学与技术(学硕),325,http://grs.hdu.edu.cn/2026/0324/c13270a290580/page.htm,官方正文表格逐字核录,通过
2,10336,杭州电子科技大学,2026,分专业复试线,085404计算机技术(专硕),325,http://grs.hdu.edu.cn/2026/0324/c13270a290580/page.htm,官方正文表格逐字核录,通过
3,10336,杭州电子科技大学,2026,分专业复试线,085405软件工程(专硕),290,http://grs.hdu.edu.cn/2026/0324/c13270a290580/page.htm,官方正文表格逐字核录,通过
4,10336,杭州电子科技大学,2026,分专业复试线,081000信息与通信工程(学硕),282,http://grs.hdu.edu.cn/2026/0324/c13270a290580/page.htm,官方正文表格逐字核录,通过
5,10336,杭州电子科技大学,2026,分专业复试线,080200机械工程(学硕),264,http://grs.hdu.edu.cn/2026/0324/c13270a290580/page.htm,官方正文表格逐字核录(标注为国家线),通过
6,10336,杭州电子科技大学,2026,分专业复试线,025100金融(专硕),324,http://grs.hdu.edu.cn/2026/0324/c13270a290580/page.htm,官方正文表格逐字核录(经济学院),通过
7,10336,杭州电子科技大学,2024,分专业复试线,081200计算机科学与技术(学硕),300,http://grs.hdu.edu.cn/2024/0327/c13498a262640/page.htm,官方表格图片本地OCR核录,通过
8,10336,杭州电子科技大学,2024,分专业复试线,085404计算机技术(专硕),300,http://grs.hdu.edu.cn/2024/0327/c13498a262640/page.htm,官方表格图片本地OCR核录,通过
9,10336,杭州电子科技大学,2024,分专业复试线,085405软件工程(专硕),290,http://grs.hdu.edu.cn/2024/0327/c13498a262640/page.htm,官方表格图片本地OCR核录,通过
10,10336,杭州电子科技大学,2024,分专业复试线,081000信息与通信工程(学硕),308,http://grs.hdu.edu.cn/2024/0327/c13498a262640/page.htm,官方表格图片本地OCR核录,通过
11,10336,杭州电子科技大学,2024,分专业复试线,080200机械工程(学硕),273,http://grs.hdu.edu.cn/2024/0327/c13498a262640/page.htm,官方表格图片本地OCR核录(标注为国家线),通过
12,10336,杭州电子科技大学,2024,分专业复试线,025100金融(专硕),338,http://grs.hdu.edu.cn/2024/0327/c13498a262640/page.htm,官方表格图片本地OCR核录(标注为国家线),通过
13,10336,杭州电子科技大学,2025,分专业复试线,081200计算机科学与技术(学硕),285,http://grs.hdu.edu.cn/2025/0326/c13498a276588/page.htm,官方表格图片本地OCR核录,通过
14,10336,杭州电子科技大学,2025,分专业复试线,085404计算机技术(专硕),295,http://grs.hdu.edu.cn/2025/0326/c13498a276588/page.htm,官方表格图片本地OCR核录,通过
15,10336,杭州电子科技大学,2025,分专业复试线,085405软件工程(专硕),295,http://grs.hdu.edu.cn/2025/0326/c13498a276588/page.htm,官方表格图片本地OCR核录,通过
16,10336,杭州电子科技大学,2025,分专业复试线,081000信息与通信工程(学硕),260,http://grs.hdu.edu.cn/2025/0326/c13498a276588/page.htm,官方表格图片本地OCR核录(标注为国家线),通过
17,10336,杭州电子科技大学,2025,分专业复试线,080200机械工程(学硕),260,http://grs.hdu.edu.cn/2025/0326/c13498a276588/page.htm,官方表格图片本地OCR核录(标注为国家线),通过
18,10336,杭州电子科技大学,2025,分专业复试线,025100金融(专硕),323,http://grs.hdu.edu.cn/2025/0326/c13498a276588/page.htm,官方表格图片本地OCR核录(标注为国家线),通过
19,10335,浙江大学,2024,学校基本线(自划线),08工学(含081200计算机科学与技术/080200机械工程等学硕),320,http://www.grs.zju.edu.cn/yjszs/2024/0314/c28489a2890520/page.htm,官方正文核录,通过
20,10335,浙江大学,2024,学校基本线(自划线),085/086工程等专业学位,320,http://www.grs.zju.edu.cn/yjszs/2024/0314/c28489a2890520/page.htm,官方正文核录,通过
21,10335,浙江大学,2024,学校基本线(自划线),02经济学(含020204金融学学硕),400,http://www.grs.zju.edu.cn/yjszs/2024/0314/c28489a2890520/page.htm,官方正文核录,通过
22,10335,浙江大学,2024,学校基本线(自划线),0251金融(专硕),365,http://www.grs.zju.edu.cn/yjszs/2024/0314/c28489a2890520/page.htm,官方正文核录(金融/税务/国际商务同线),通过
23,10335,浙江大学,2024,学校基本线(自划线),04教育学(学硕),370,http://www.grs.zju.edu.cn/yjszs/2024/0314/c28489a2890520/page.htm,官方正文核录,通过
24,10335,浙江大学,2024,学校基本线(自划线),03法学(学硕),375,http://www.grs.zju.edu.cn/yjszs/2024/0314/c28489a2890520/page.htm,官方正文核录,通过
25,10335,浙江大学,2025,学校基本线(自划线),08工学(含081200计算机科学与技术/080200机械工程等学硕),300,http://www.grs.zju.edu.cn/yjszs/2025/0312/c28489a3026511/page.htm,官方正文核录,通过
26,10335,浙江大学,2025,学校基本线(自划线),085/086工程等专业学位,300,http://www.grs.zju.edu.cn/yjszs/2025/0312/c28489a3026511/page.htm,官方正文核录,通过
27,10335,浙江大学,2025,学校基本线(自划线),02经济学(含020204金融学学硕),370,http://www.grs.zju.edu.cn/yjszs/2025/0312/c28489a3026511/page.htm,官方正文核录,通过
28,10335,浙江大学,2025,学校基本线(自划线),0251金融(专硕),330,http://www.grs.zju.edu.cn/yjszs/2025/0312/c28489a3026511/page.htm,官方正文核录,通过
29,10335,浙江大学,2025,学校基本线(自划线),04教育学(学硕),341,http://www.grs.zju.edu.cn/yjszs/2025/0312/c28489a3026511/page.htm,官方正文核录,通过
30,10335,浙江大学,2025,学校基本线(自划线),03法学(学硕),335,http://www.grs.zju.edu.cn/yjszs/2025/0312/c28489a3026511/page.htm,官方正文核录,通过
31,10335,浙江大学,2026,学校基本线(自划线),08工学(含081200计算机科学与技术/080200机械工程等学硕),310,http://www.grs.zju.edu.cn/yjszs/2026/0313/c28498a3140077/page.htm,官方页表格为图片;数值经研招网/新华网/教育在线等多源转载一致核对,通过
32,10335,浙江大学,2026,学校基本线(自划线),085/086工程等专业学位,310,http://www.grs.zju.edu.cn/yjszs/2026/0313/c28498a3140077/page.htm,同上多源交叉核对,通过
33,10335,浙江大学,2026,学校基本线(自划线),02经济学(含020204金融学学硕),360,http://www.grs.zju.edu.cn/yjszs/2026/0313/c28498a3140077/page.htm,同上多源交叉核对,通过
34,10335,浙江大学,2026,学校基本线(自划线),0251金融(专硕),370,http://www.grs.zju.edu.cn/yjszs/2026/0313/c28498a3140077/page.htm,经济学院官方方案及研招信息多源一致,通过
35,10335,浙江大学,2026,学校基本线(自划线),04教育学(不含0403体育学,学硕),370,http://www.grs.zju.edu.cn/yjszs/2026/0313/c28498a3140077/page.htm,通过
36,10335,浙江大学,2026,学校基本线(自划线),03法学(学硕),365,http://www.grs.zju.edu.cn/yjszs/2026/0313/c28498a3140077/page.htm,同上多源交叉核对,通过
37,10701,西安电子科技大学,2024,计算机学院复试线(全日制01方向),081200计算机科学与技术(学硕),340,https://cs.xidian.edu.cn/info/1026/16334.htm,官方正文逐字核录,通过
38,10701,西安电子科技大学,2024,计算机学院复试线(全日制01方向),085404计算机技术(专硕),315,https://cs.xidian.edu.cn/info/1026/16334.htm,官方正文逐字核录,通过
39,10701,西安电子科技大学,2024,计算机学院复试线(全日制01方向),085405软件工程(专硕),300,https://cs.xidian.edu.cn/info/1026/16334.htm,官方正文逐字核录,通过
40,10701,西安电子科技大学,2025,计算机学院复试线(全日制01方向),081200计算机科学与技术(学硕),330,https://cs.xidian.edu.cn/info/2082/19234.htm,官方表格图片本地OCR核录,通过
41,10701,西安电子科技大学,2025,计算机学院复试线(全日制01方向),085404计算机技术(专硕),345,https://cs.xidian.edu.cn/info/2082/19234.htm,官方表格图片本地OCR核录,通过
42,10701,西安电子科技大学,2025,计算机学院复试线(全日制01方向),085405软件工程(专硕),330,https://cs.xidian.edu.cn/info/2082/19234.htm,官方表格图片本地OCR核录,通过
43,10701,西安电子科技大学,2026,计算机学院复试线(全日制01方向),081200计算机科学与技术(学硕),335,https://cs.xidian.edu.cn/info/2542/23764.htm,官方表格图片本地OCR核录,通过
44,10701,西安电子科技大学,2026,计算机学院复试线(全日制01方向),085404计算机技术(专硕),310,https://cs.xidian.edu.cn/info/2542/23764.htm,官方表格图片本地OCR核录,通过
45,10701,西安电子科技大学,2026,计算机学院复试线(全日制01方向),085405软件工程(专硕),310,https://cs.xidian.edu.cn/info/2542/23764.htm,官方表格图片本地OCR核录,通过
46,10280,上海大学,2024,分专业复试线,081200计算机科学与技术(学硕),331,https://gmis.shu.edu.cn/PHP/Pub/SS_Fengshuxian.php?Year=2024,官方复试线网页正文逐字核录(含政治/外语/业务课单科线),通过
47,10280,上海大学,2024,分专业复试线,080200机械工程(学硕),297,https://gmis.shu.edu.cn/PHP/Pub/SS_Fengshuxian.php?Year=2024,官方复试线网页正文逐字核录(含政治/外语/业务课单科线),通过
48,10280,上海大学,2024,分专业复试线,025100金融(专硕),338,https://gmis.shu.edu.cn/PHP/Pub/SS_Fengshuxian.php?Year=2024,官方复试线网页正文逐字核录(含政治/外语/业务课单科线),通过
49,10280,上海大学,2024,分专业复试线,030100法学(学硕),364,https://gmis.shu.edu.cn/PHP/Pub/SS_Fengshuxian.php?Year=2024,官方复试线网页正文逐字核录(含政治/外语/业务课单科线),通过
50,10280,上海大学,2025,分专业复试线,081200计算机科学与技术(学硕),312,https://gmis.shu.edu.cn/PHP/Pub/SS_Fengshuxian.php?Year=2025,官方复试线网页正文逐字核录(含政治/外语/业务课单科线),通过
51,10280,上海大学,2025,分专业复试线,085404计算机技术(专硕),260,https://gmis.shu.edu.cn/PHP/Pub/SS_Fengshuxian.php?Year=2025,官方复试线网页正文逐字核录(含政治/外语/业务课单科线),通过
52,10280,上海大学,2025,分专业复试线,085405软件工程(专硕),304,https://gmis.shu.edu.cn/PHP/Pub/SS_Fengshuxian.php?Year=2025,官方复试线网页正文逐字核录(含政治/外语/业务课单科线),通过
53,10280,上海大学,2025,分专业复试线,080200机械工程(学硕),272,https://gmis.shu.edu.cn/PHP/Pub/SS_Fengshuxian.php?Year=2025,官方复试线网页正文逐字核录(含政治/外语/业务课单科线),通过
54,10280,上海大学,2025,分专业复试线,025100金融(专硕),323,https://gmis.shu.edu.cn/PHP/Pub/SS_Fengshuxian.php?Year=2025,官方复试线网页正文逐字核录(含政治/外语/业务课单科线),通过
55,10280,上海大学,2025,分专业复试线,030100法学(学硕),323,https://gmis.shu.edu.cn/PHP/Pub/SS_Fengshuxian.php?Year=2025,官方复试线网页正文逐字核录(含政治/外语/业务课单科线),通过
56,10280,上海大学,2026,分专业复试线,081200计算机科学与技术(学硕),331,https://gmis.shu.edu.cn/PHP/Pub/SS_Fengshuxian.php?Year=2026,官方复试线网页正文逐字核录(含政治/外语/业务课单科线),通过
57,10280,上海大学,2026,分专业复试线,085404计算机技术(专硕),264,https://gmis.shu.edu.cn/PHP/Pub/SS_Fengshuxian.php?Year=2026,官方复试线网页正文逐字核录(含政治/外语/业务课单科线),通过
58,10280,上海大学,2026,分专业复试线,085405软件工程(专硕),358,https://gmis.shu.edu.cn/PHP/Pub/SS_Fengshuxian.php?Year=2026,官方复试线网页正文逐字核录(含政治/外语/业务课单科线),通过
59,10280,上海大学,2026,分专业复试线,080200机械工程(学硕),320,https://gmis.shu.edu.cn/PHP/Pub/SS_Fengshuxian.php?Year=2026,官方复试线网页正文逐字核录(含政治/外语/业务课单科线),通过
60,10280,上海大学,2026,分专业复试线,025100金融(专硕),324,https://gmis.shu.edu.cn/PHP/Pub/SS_Fengshuxian.php?Year=2026,官方复试线网页正文逐字核录(含政治/外语/业务课单科线),通过
61,10280,上海大学,2026,分专业复试线,030100法学(学硕),340,https://gmis.shu.edu.cn/PHP/Pub/SS_Fengshuxian.php?Year=2026,官方复试线网页正文逐字核录(含政治/外语/业务课单科线),通过
62,10001,北京大学,2024,学校复试基本线(学科门类/类别),计算机科学与技术(学硕),310,https://admission.pku.edu.cn/docs/20240312195301489745.pdf,官方PDF/公告原文解析核录（总分线）,通过
63,10001,北京大学,2025,学校复试基本线(学科门类/类别),计算机科学与技术(学硕),300,https://admission.pku.edu.cn/docs/20250312160154148797.pdf,官方PDF/公告原文解析核录（总分线）,通过
64,10001,北京大学,2026,学校复试基本线(学科门类/类别),计算机科学与技术(学硕),300,https://admission.pku.edu.cn/docs/20260313100201705627.pdf,官方PDF/公告原文解析核录（总分线）,通过
65,10001,北京大学,2024,学校复试基本线(学科门类/类别),机械工程(学硕),310,https://admission.pku.edu.cn/docs/20240312195301489745.pdf,官方PDF/公告原文解析核录（总分线）,通过
66,10001,北京大学,2025,学校复试基本线(学科门类/类别),机械工程(学硕),300,https://admission.pku.edu.cn/docs/20250312160154148797.pdf,官方PDF/公告原文解析核录（总分线）,通过
67,10001,北京大学,2026,学校复试基本线(学科门类/类别),机械工程(学硕),300,https://admission.pku.edu.cn/docs/20260313100201705627.pdf,官方PDF/公告原文解析核录（总分线）,通过
68,10001,北京大学,2024,学校复试基本线(学科门类/类别),信息与通信工程(学硕),310,https://admission.pku.edu.cn/docs/20240312195301489745.pdf,官方PDF/公告原文解析核录（总分线）,通过
69,10001,北京大学,2025,学校复试基本线(学科门类/类别),信息与通信工程(学硕),300,https://admission.pku.edu.cn/docs/20250312160154148797.pdf,官方PDF/公告原文解析核录（总分线）,通过
70,10001,北京大学,2026,学校复试基本线(学科门类/类别),信息与通信工程(学硕),300,https://admission.pku.edu.cn/docs/20260313100201705627.pdf,官方PDF/公告原文解析核录（总分线）,通过
71,10001,北京大学,2024,学校复试基本线(学科门类/类别),计算机技术(专硕),330,https://admission.pku.edu.cn/docs/20240312195301489745.pdf,官方PDF/公告原文解析核录（总分线）,通过
72,10001,北京大学,2025,学校复试基本线(学科门类/类别),计算机技术(专硕),330,https://admission.pku.edu.cn/docs/20250312160154148797.pdf,官方PDF/公告原文解析核录（总分线）,通过
73,10001,北京大学,2026,学校复试基本线(学科门类/类别),计算机技术(专硕),320,https://admission.pku.edu.cn/docs/20260313100201705627.pdf,官方PDF/公告原文解析核录（总分线）,通过
74,10001,北京大学,2024,学校复试基本线(学科门类/类别),软件工程(专硕),330,https://admission.pku.edu.cn/docs/20240312195301489745.pdf,官方PDF/公告原文解析核录（总分线）,通过
75,10001,北京大学,2025,学校复试基本线(学科门类/类别),软件工程(专硕),330,https://admission.pku.edu.cn/docs/20250312160154148797.pdf,官方PDF/公告原文解析核录（总分线）,通过
76,10001,北京大学,2026,学校复试基本线(学科门类/类别),软件工程(专硕),320,https://admission.pku.edu.cn/docs/20260313100201705627.pdf,官方PDF/公告原文解析核录（总分线）,通过
77,10001,北京大学,2024,学校复试基本线(学科门类/类别),金融学(学硕),375,https://admission.pku.edu.cn/docs/20240312195301489745.pdf,官方PDF/公告原文解析核录（总分线）,通过
78,10001,北京大学,2025,学校复试基本线(学科门类/类别),金融学(学硕),375,https://admission.pku.edu.cn/docs/20250312160154148797.pdf,官方PDF/公告原文解析核录（总分线）,通过
79,10001,北京大学,2026,学校复试基本线(学科门类/类别),金融学(学硕),375,https://admission.pku.edu.cn/docs/20260313100201705627.pdf,官方PDF/公告原文解析核录（总分线）,通过
80,10001,北京大学,2024,学校复试基本线(学科门类/类别),金融(专硕),380,https://admission.pku.edu.cn/docs/20240312195301489745.pdf,官方PDF/公告原文解析核录（总分线）,通过
81,10001,北京大学,2025,学校复试基本线(学科门类/类别),金融(专硕),360,https://admission.pku.edu.cn/docs/20250312160154148797.pdf,官方PDF/公告原文解析核录（总分线）,通过
82,10001,北京大学,2026,学校复试基本线(学科门类/类别),金融(专硕),360,https://admission.pku.edu.cn/docs/20260313100201705627.pdf,官方PDF/公告原文解析核录（总分线）,通过
83,10001,北京大学,2024,学校复试基本线(学科门类/类别),教育学(学硕),355,https://admission.pku.edu.cn/docs/20240312195301489745.pdf,官方PDF/公告原文解析核录（总分线）,通过
84,10001,北京大学,2025,学校复试基本线(学科门类/类别),教育学(学硕),350,https://admission.pku.edu.cn/docs/20250312160154148797.pdf,官方PDF/公告原文解析核录（总分线）,通过
85,10001,北京大学,2026,学校复试基本线(学科门类/类别),教育学(学硕),350,https://admission.pku.edu.cn/docs/20260313100201705627.pdf,官方PDF/公告原文解析核录（总分线）,通过
86,10001,北京大学,2024,学校复试基本线(学科门类/类别),法学(学硕),345,https://admission.pku.edu.cn/docs/20240312195301489745.pdf,官方PDF/公告原文解析核录（总分线）,通过
87,10001,北京大学,2025,学校复试基本线(学科门类/类别),法学(学硕),345,https://admission.pku.edu.cn/docs/20250312160154148797.pdf,官方PDF/公告原文解析核录（总分线）,通过
88,10001,北京大学,2026,学校复试基本线(学科门类/类别),法学(学硕),345,https://admission.pku.edu.cn/docs/20260313100201705627.pdf,官方PDF/公告原文解析核录（总分线）,通过
89,10003,清华大学,2024,学校复试基本线(学科门类/类别),计算机科学与技术(学硕),335,https://yz.chsi.com.cn/kyzx/fsfsx34/202403/20240313/2293269549.html,研招网官方存档核录,通过
90,10003,清华大学,2025,学校复试基本线(学科门类/类别),计算机科学与技术(学硕),325,https://yz.chsi.com.cn/kyzx/fsfsx34/202503/20250312/2293356006.html,研招网官方存档核录,通过
91,10003,清华大学,2026,学校复试基本线(学科门类/类别),计算机科学与技术(学硕),330,https://yz.tsinghua.edu.cn/info/1009/3196.htm,清华研招官网PDF核录,通过
92,10003,清华大学,2024,学校复试基本线(学科门类/类别),机械工程(学硕),335,https://yz.chsi.com.cn/kyzx/fsfsx34/202403/20240313/2293269549.html,研招网官方存档核录,通过
93,10003,清华大学,2025,学校复试基本线(学科门类/类别),机械工程(学硕),325,https://yz.chsi.com.cn/kyzx/fsfsx34/202503/20250312/2293356006.html,研招网官方存档核录,通过
94,10003,清华大学,2026,学校复试基本线(学科门类/类别),机械工程(学硕),330,https://yz.tsinghua.edu.cn/info/1009/3196.htm,清华研招官网PDF核录,通过
95,10003,清华大学,2024,学校复试基本线(学科门类/类别),信息与通信工程(学硕),335,https://yz.chsi.com.cn/kyzx/fsfsx34/202403/20240313/2293269549.html,研招网官方存档核录,通过
96,10003,清华大学,2025,学校复试基本线(学科门类/类别),信息与通信工程(学硕),325,https://yz.chsi.com.cn/kyzx/fsfsx34/202503/20250312/2293356006.html,研招网官方存档核录,通过
97,10003,清华大学,2026,学校复试基本线(学科门类/类别),信息与通信工程(学硕),330,https://yz.tsinghua.edu.cn/info/1009/3196.htm,清华研招官网PDF核录,通过
98,10003,清华大学,2024,学校复试基本线(学科门类/类别),计算机技术(专硕),335,https://yz.chsi.com.cn/kyzx/fsfsx34/202403/20240313/2293269549.html,研招网官方存档核录,通过
99,10003,清华大学,2025,学校复试基本线(学科门类/类别),计算机技术(专硕),325,https://yz.chsi.com.cn/kyzx/fsfsx34/202503/20250312/2293356006.html,研招网官方存档核录,通过
100,10003,清华大学,2026,学校复试基本线(学科门类/类别),计算机技术(专硕),330,https://yz.tsinghua.edu.cn/info/1009/3196.htm,清华研招官网PDF核录,通过
101,10003,清华大学,2024,学校复试基本线(学科门类/类别),软件工程(专硕),335,https://yz.chsi.com.cn/kyzx/fsfsx34/202403/20240313/2293269549.html,研招网官方存档核录,通过
102,10003,清华大学,2025,学校复试基本线(学科门类/类别),软件工程(专硕),325,https://yz.chsi.com.cn/kyzx/fsfsx34/202503/20250312/2293356006.html,研招网官方存档核录,通过
103,10003,清华大学,2026,学校复试基本线(学科门类/类别),软件工程(专硕),330,https://yz.tsinghua.edu.cn/info/1009/3196.htm,清华研招官网PDF核录,通过
104,10003,清华大学,2024,学校复试基本线(学科门类/类别),金融学(学硕),350,https://yz.chsi.com.cn/kyzx/fsfsx34/202403/20240313/2293269549.html,研招网官方存档核录,通过
105,10003,清华大学,2025,学校复试基本线(学科门类/类别),金融学(学硕),350,https://yz.chsi.com.cn/kyzx/fsfsx34/202503/20250312/2293356006.html,研招网官方存档核录,通过
106,10003,清华大学,2026,学校复试基本线(学科门类/类别),金融学(学硕),390,https://yz.tsinghua.edu.cn/info/1009/3196.htm,清华研招官网PDF核录,通过
107,10003,清华大学,2024,学校复试基本线(学科门类/类别),金融(专硕),390,https://yz.chsi.com.cn/kyzx/fsfsx34/202403/20240313/2293269549.html,研招网官方存档核录,通过
108,10003,清华大学,2025,学校复试基本线(学科门类/类别),金融(专硕),365,https://yz.chsi.com.cn/kyzx/fsfsx34/202503/20250312/2293356006.html,研招网官方存档核录,通过
109,10003,清华大学,2026,学校复试基本线(学科门类/类别),金融(专硕),380,https://yz.tsinghua.edu.cn/info/1009/3196.htm,清华研招官网PDF核录,通过
110,10003,清华大学,2024,学校复试基本线(学科门类/类别),教育学(学硕),360,https://yz.chsi.com.cn/kyzx/fsfsx34/202403/20240313/2293269549.html,研招网官方存档核录,通过
111,10003,清华大学,2025,学校复试基本线(学科门类/类别),教育学(学硕),345,https://yz.chsi.com.cn/kyzx/fsfsx34/202503/20250312/2293356006.html,研招网官方存档核录,通过
112,10003,清华大学,2026,学校复试基本线(学科门类/类别),教育学(学硕),375,https://yz.tsinghua.edu.cn/info/1009/3196.htm,清华研招官网PDF核录,通过
113,10003,清华大学,2024,学校复试基本线(学科门类/类别),法学(学硕),335,https://yz.chsi.com.cn/kyzx/fsfsx34/202403/20240313/2293269549.html,研招网官方存档核录,通过
114,10003,清华大学,2025,学校复试基本线(学科门类/类别),法学(学硕),323,https://yz.chsi.com.cn/kyzx/fsfsx34/202503/20250312/2293356006.html,研招网官方存档核录,通过
115,10003,清华大学,2026,学校复试基本线(学科门类/类别),法学(学硕),330,https://yz.tsinghua.edu.cn/info/1009/3196.htm,清华研招官网PDF核录,通过
116,10246,复旦大学,2024,学校复试基本线(学科门类/类别),计算机科学与技术(学硕),330,https://gsao.fudan.edu.cn/28/91/c15014a665745/page.htm,官方PDF/公告原文解析核录（总分线）,通过
117,10246,复旦大学,2025,学校复试基本线(学科门类/类别),计算机科学与技术(学硕),300,https://gsao.fudan.edu.cn/ff/96/c15014a720790/page.htm,官方PDF/公告原文解析核录（总分线）,通过
118,10246,复旦大学,2026,学校复试基本线(学科门类/类别),计算机科学与技术(学硕),300,https://gsao.fudan.edu.cn/c8/9f/c15014a772255/page.htm,官方PDF/公告原文解析核录（总分线）,通过
119,10246,复旦大学,2024,学校复试基本线(学科门类/类别),信息与通信工程(学硕),320,https://gsao.fudan.edu.cn/28/91/c15014a665745/page.htm,官方PDF/公告原文解析核录（总分线）,通过
120,10246,复旦大学,2025,学校复试基本线(学科门类/类别),信息与通信工程(学硕),300,https://gsao.fudan.edu.cn/ff/96/c15014a720790/page.htm,官方PDF/公告原文解析核录（总分线）,通过
121,10246,复旦大学,2026,学校复试基本线(学科门类/类别),信息与通信工程(学硕),300,https://gsao.fudan.edu.cn/c8/9f/c15014a772255/page.htm,官方PDF/公告原文解析核录（总分线）,通过
122,10246,复旦大学,2025,学校复试基本线(学科门类/类别),机械工程(学硕),300,https://gsao.fudan.edu.cn/ff/96/c15014a720790/page.htm,官方PDF/公告原文解析核录（总分线）,通过
123,10246,复旦大学,2026,学校复试基本线(学科门类/类别),机械工程(学硕),300,https://gsao.fudan.edu.cn/c8/9f/c15014a772255/page.htm,官方PDF/公告原文解析核录（总分线）,通过
124,10246,复旦大学,2024,学校复试基本线(学科门类/类别),计算机技术(专硕),300,https://gsao.fudan.edu.cn/28/91/c15014a665745/page.htm,官方PDF/公告原文解析核录（总分线）,通过
125,10246,复旦大学,2025,学校复试基本线(学科门类/类别),计算机技术(专硕),300,https://gsao.fudan.edu.cn/ff/96/c15014a720790/page.htm,官方PDF/公告原文解析核录（总分线）,通过
126,10246,复旦大学,2026,学校复试基本线(学科门类/类别),计算机技术(专硕),300,https://gsao.fudan.edu.cn/c8/9f/c15014a772255/page.htm,官方PDF/公告原文解析核录（总分线）,通过
127,10246,复旦大学,2024,学校复试基本线(学科门类/类别),软件工程(专硕),300,https://gsao.fudan.edu.cn/28/91/c15014a665745/page.htm,官方PDF/公告原文解析核录（总分线）,通过
128,10246,复旦大学,2025,学校复试基本线(学科门类/类别),软件工程(专硕),300,https://gsao.fudan.edu.cn/ff/96/c15014a720790/page.htm,官方PDF/公告原文解析核录（总分线）,通过
129,10246,复旦大学,2026,学校复试基本线(学科门类/类别),软件工程(专硕),300,https://gsao.fudan.edu.cn/c8/9f/c15014a772255/page.htm,官方PDF/公告原文解析核录（总分线）,通过
130,10246,复旦大学,2024,学校复试基本线(学科门类/类别),金融学(学硕),380,https://gsao.fudan.edu.cn/28/91/c15014a665745/page.htm,官方PDF/公告原文解析核录（总分线）,通过
131,10246,复旦大学,2025,学校复试基本线(学科门类/类别),金融学(学硕),360,https://gsao.fudan.edu.cn/ff/96/c15014a720790/page.htm,官方PDF/公告原文解析核录（总分线）,通过
132,10246,复旦大学,2026,学校复试基本线(学科门类/类别),金融学(学硕),360,https://gsao.fudan.edu.cn/c8/9f/c15014a772255/page.htm,官方PDF/公告原文解析核录（总分线）,通过
133,10246,复旦大学,2024,学校复试基本线(学科门类/类别),金融(专硕),408,https://gsao.fudan.edu.cn/28/91/c15014a665745/page.htm,官方PDF/公告原文解析核录（总分线）,通过
134,10246,复旦大学,2025,学校复试基本线(学科门类/类别),金融(专硕),365,https://gsao.fudan.edu.cn/ff/96/c15014a720790/page.htm,官方PDF/公告原文解析核录（总分线）,通过
135,10246,复旦大学,2026,学校复试基本线(学科门类/类别),金融(专硕),380,https://gsao.fudan.edu.cn/c8/9f/c15014a772255/page.htm,官方PDF/公告原文解析核录（总分线）,通过
136,10246,复旦大学,2024,学校复试基本线(学科门类/类别),教育学(学硕),370,https://gsao.fudan.edu.cn/28/91/c15014a665745/page.htm,官方PDF/公告原文解析核录（总分线）,通过
137,10246,复旦大学,2025,学校复试基本线(学科门类/类别),教育学(学硕),341,https://gsao.fudan.edu.cn/ff/96/c15014a720790/page.htm,官方PDF/公告原文解析核录（总分线）,通过
138,10246,复旦大学,2026,学校复试基本线(学科门类/类别),教育学(学硕),355,https://gsao.fudan.edu.cn/c8/9f/c15014a772255/page.htm,官方PDF/公告原文解析核录（总分线）,通过
139,10246,复旦大学,2024,学校复试基本线(学科门类/类别),法学(学硕),345,https://gsao.fudan.edu.cn/28/91/c15014a665745/page.htm,官方PDF/公告原文解析核录（总分线）,通过
140,10246,复旦大学,2025,学校复试基本线(学科门类/类别),法学(学硕),330,https://gsao.fudan.edu.cn/ff/96/c15014a720790/page.htm,官方PDF/公告原文解析核录（总分线）,通过
141,10246,复旦大学,2026,学校复试基本线(学科门类/类别),法学(学硕),345,https://gsao.fudan.edu.cn/c8/9f/c15014a772255/page.htm,官方PDF/公告原文解析核录（总分线）,通过
142,10248,上海交通大学,2024,学校复试基本线(学科门类/类别),计算机科学与技术(学硕),310,https://www.gs.sjtu.edu.cn/storage/gs/web/yzbcn/article/2024/04/c2662f092fb2abd1a53f37f7763e0355.pdf,官方PDF/公告原文解析核录（总分线）,通过
143,10248,上海交通大学,2025,学校复试基本线(学科门类/类别),计算机科学与技术(学硕),300,https://www.shsmu.edu.cn/__local/A/02/45/B1CA670395206A1F035624B155A_9723BBF0_1B5F1.pdf,官方PDF/公告原文解析核录（总分线）,通过
144,10248,上海交通大学,2026,学校复试基本线(学科门类/类别),计算机科学与技术(学硕),315,https://yzb.sjtu.edu.cn/post/3503,官方PDF/公告原文解析核录（总分线）,通过
145,10248,上海交通大学,2024,学校复试基本线(学科门类/类别),机械工程(学硕),310,https://www.gs.sjtu.edu.cn/storage/gs/web/yzbcn/article/2024/04/c2662f092fb2abd1a53f37f7763e0355.pdf,官方PDF/公告原文解析核录（总分线）,通过
146,10248,上海交通大学,2025,学校复试基本线(学科门类/类别),机械工程(学硕),300,https://www.shsmu.edu.cn/__local/A/02/45/B1CA670395206A1F035624B155A_9723BBF0_1B5F1.pdf,官方PDF/公告原文解析核录（总分线）,通过
147,10248,上海交通大学,2026,学校复试基本线(学科门类/类别),机械工程(学硕),315,https://yzb.sjtu.edu.cn/post/3503,官方PDF/公告原文解析核录（总分线）,通过
148,10248,上海交通大学,2024,学校复试基本线(学科门类/类别),信息与通信工程(学硕),310,https://www.gs.sjtu.edu.cn/storage/gs/web/yzbcn/article/2024/04/c2662f092fb2abd1a53f37f7763e0355.pdf,官方PDF/公告原文解析核录（总分线）,通过
149,10248,上海交通大学,2025,学校复试基本线(学科门类/类别),信息与通信工程(学硕),300,https://www.shsmu.edu.cn/__local/A/02/45/B1CA670395206A1F035624B155A_9723BBF0_1B5F1.pdf,官方PDF/公告原文解析核录（总分线）,通过
150,10248,上海交通大学,2026,学校复试基本线(学科门类/类别),信息与通信工程(学硕),315,https://yzb.sjtu.edu.cn/post/3503,官方PDF/公告原文解析核录（总分线）,通过
151,10248,上海交通大学,2024,学校复试基本线(学科门类/类别),计算机技术(专硕),310,https://www.gs.sjtu.edu.cn/storage/gs/web/yzbcn/article/2024/04/c2662f092fb2abd1a53f37f7763e0355.pdf,官方PDF/公告原文解析核录（总分线）,通过
152,10248,上海交通大学,2025,学校复试基本线(学科门类/类别),计算机技术(专硕),300,https://www.shsmu.edu.cn/__local/A/02/45/B1CA670395206A1F035624B155A_9723BBF0_1B5F1.pdf,官方PDF/公告原文解析核录（总分线）,通过
153,10248,上海交通大学,2026,学校复试基本线(学科门类/类别),计算机技术(专硕),315,https://yzb.sjtu.edu.cn/post/3503,官方PDF/公告原文解析核录（总分线）,通过
154,10248,上海交通大学,2024,学校复试基本线(学科门类/类别),软件工程(专硕),310,https://www.gs.sjtu.edu.cn/storage/gs/web/yzbcn/article/2024/04/c2662f092fb2abd1a53f37f7763e0355.pdf,官方PDF/公告原文解析核录（总分线）,通过
155,10248,上海交通大学,2025,学校复试基本线(学科门类/类别),软件工程(专硕),300,https://www.shsmu.edu.cn/__local/A/02/45/B1CA670395206A1F035624B155A_9723BBF0_1B5F1.pdf,官方PDF/公告原文解析核录（总分线）,通过
156,10248,上海交通大学,2026,学校复试基本线(学科门类/类别),软件工程(专硕),315,https://yzb.sjtu.edu.cn/post/3503,官方PDF/公告原文解析核录（总分线）,通过
157,10248,上海交通大学,2024,学校复试基本线(学科门类/类别),金融学(学硕),375,https://www.gs.sjtu.edu.cn/storage/gs/web/yzbcn/article/2024/04/c2662f092fb2abd1a53f37f7763e0355.pdf,官方PDF/公告原文解析核录（总分线）,通过
158,10248,上海交通大学,2025,学校复试基本线(学科门类/类别),金融学(学硕),340,https://www.shsmu.edu.cn/__local/A/02/45/B1CA670395206A1F035624B155A_9723BBF0_1B5F1.pdf,官方PDF/公告原文解析核录（总分线）,通过
159,10248,上海交通大学,2026,学校复试基本线(学科门类/类别),金融学(学硕),350,https://yzb.sjtu.edu.cn/post/3503,官方PDF/公告原文解析核录（总分线）,通过
160,10248,上海交通大学,2024,学校复试基本线(学科门类/类别),金融(专硕),370,https://www.gs.sjtu.edu.cn/storage/gs/web/yzbcn/article/2024/04/c2662f092fb2abd1a53f37f7763e0355.pdf,官方PDF/公告原文解析核录（总分线）,通过
161,10248,上海交通大学,2025,学校复试基本线(学科门类/类别),金融(专硕),340,https://www.shsmu.edu.cn/__local/A/02/45/B1CA670395206A1F035624B155A_9723BBF0_1B5F1.pdf,官方PDF/公告原文解析核录（总分线）,通过
162,10248,上海交通大学,2026,学校复试基本线(学科门类/类别),金融(专硕),370,https://yzb.sjtu.edu.cn/post/3503,官方PDF/公告原文解析核录（总分线）,通过
163,10248,上海交通大学,2024,学校复试基本线(学科门类/类别),法学(学硕),370,https://www.gs.sjtu.edu.cn/storage/gs/web/yzbcn/article/2024/04/c2662f092fb2abd1a53f37f7763e0355.pdf,官方PDF/公告原文解析核录（总分线）,通过
164,10248,上海交通大学,2025,学校复试基本线(学科门类/类别),法学(学硕),360,https://www.shsmu.edu.cn/__local/A/02/45/B1CA670395206A1F035624B155A_9723BBF0_1B5F1.pdf,官方PDF/公告原文解析核录（总分线）,通过
165,10248,上海交通大学,2026,学校复试基本线(学科门类/类别),法学(学硕),345,https://yzb.sjtu.edu.cn/post/3503,官方PDF/公告原文解析核录（总分线）,通过
166,10248,上海交通大学,2026,学校复试基本线(学科门类/类别),教育学(学硕),380,https://yzb.sjtu.edu.cn/post/3503,官方PDF/公告原文解析核录（总分线）,通过
167,10284,南京大学,2024,学校复试基本线(学科门类/类别),计算机科学与技术(学硕),305,https://yzb.nju.edu.cn/3e/ff/c47863a671487/page.htm,官方PDF/公告原文解析核录（总分线）,通过
168,10284,南京大学,2025,学校复试基本线(学科门类/类别),计算机科学与技术(学硕),305,https://grawww.nju.edu.cn/6b/cb/c905a748491/page.htm,官方PDF/公告原文解析核录（总分线）,通过
169,10284,南京大学,2026,学校复试基本线(学科门类/类别),计算机科学与技术(学硕),295,https://yzb.nju.edu.cn/9c/f9/c47863a826617/page.htm,官方PDF/公告原文解析核录（总分线）,通过
170,10284,南京大学,2024,学校复试基本线(学科门类/类别),机械工程(学硕),305,https://yzb.nju.edu.cn/3e/ff/c47863a671487/page.htm,官方PDF/公告原文解析核录（总分线）,通过
171,10284,南京大学,2025,学校复试基本线(学科门类/类别),机械工程(学硕),305,https://grawww.nju.edu.cn/6b/cb/c905a748491/page.htm,官方PDF/公告原文解析核录（总分线）,通过
172,10284,南京大学,2026,学校复试基本线(学科门类/类别),机械工程(学硕),295,https://yzb.nju.edu.cn/9c/f9/c47863a826617/page.htm,官方PDF/公告原文解析核录（总分线）,通过
173,10284,南京大学,2024,学校复试基本线(学科门类/类别),信息与通信工程(学硕),305,https://yzb.nju.edu.cn/3e/ff/c47863a671487/page.htm,官方PDF/公告原文解析核录（总分线）,通过
174,10284,南京大学,2025,学校复试基本线(学科门类/类别),信息与通信工程(学硕),305,https://grawww.nju.edu.cn/6b/cb/c905a748491/page.htm,官方PDF/公告原文解析核录（总分线）,通过
175,10284,南京大学,2026,学校复试基本线(学科门类/类别),信息与通信工程(学硕),295,https://yzb.nju.edu.cn/9c/f9/c47863a826617/page.htm,官方PDF/公告原文解析核录（总分线）,通过
176,10284,南京大学,2024,学校复试基本线(学科门类/类别),计算机技术(专硕),315,https://yzb.nju.edu.cn/3e/ff/c47863a671487/page.htm,官方PDF/公告原文解析核录（总分线）,通过
177,10284,南京大学,2025,学校复试基本线(学科门类/类别),计算机技术(专硕),315,https://grawww.nju.edu.cn/6b/cb/c905a748491/page.htm,官方PDF/公告原文解析核录（总分线）,通过
178,10284,南京大学,2026,学校复试基本线(学科门类/类别),计算机技术(专硕),320,https://yzb.nju.edu.cn/9c/f9/c47863a826617/page.htm,官方PDF/公告原文解析核录（总分线）,通过
179,10284,南京大学,2024,学校复试基本线(学科门类/类别),软件工程(专硕),315,https://yzb.nju.edu.cn/3e/ff/c47863a671487/page.htm,官方PDF/公告原文解析核录（总分线）,通过
180,10284,南京大学,2025,学校复试基本线(学科门类/类别),软件工程(专硕),315,https://grawww.nju.edu.cn/6b/cb/c905a748491/page.htm,官方PDF/公告原文解析核录（总分线）,通过
181,10284,南京大学,2026,学校复试基本线(学科门类/类别),软件工程(专硕),320,https://yzb.nju.edu.cn/9c/f9/c47863a826617/page.htm,官方PDF/公告原文解析核录（总分线）,通过
182,10284,南京大学,2024,学校复试基本线(学科门类/类别),金融学(学硕),365,https://yzb.nju.edu.cn/3e/ff/c47863a671487/page.htm,官方PDF/公告原文解析核录（总分线）,通过
183,10284,南京大学,2025,学校复试基本线(学科门类/类别),金融学(学硕),350,https://grawww.nju.edu.cn/6b/cb/c905a748491/page.htm,官方PDF/公告原文解析核录（总分线）,通过
184,10284,南京大学,2026,学校复试基本线(学科门类/类别),金融学(学硕),360,https://yzb.nju.edu.cn/9c/f9/c47863a826617/page.htm,官方PDF/公告原文解析核录（总分线）,通过
185,10284,南京大学,2024,学校复试基本线(学科门类/类别),金融(专硕),360,https://yzb.nju.edu.cn/3e/ff/c47863a671487/page.htm,官方PDF/公告原文解析核录（总分线）,通过
186,10284,南京大学,2025,学校复试基本线(学科门类/类别),金融(专硕),375,https://grawww.nju.edu.cn/6b/cb/c905a748491/page.htm,官方PDF/公告原文解析核录（总分线）,通过
187,10284,南京大学,2026,学校复试基本线(学科门类/类别),金融(专硕),325,https://yzb.nju.edu.cn/9c/f9/c47863a826617/page.htm,官方PDF/公告原文解析核录（总分线）,通过
188,10284,南京大学,2024,学校复试基本线(学科门类/类别),教育学(学硕),360,https://yzb.nju.edu.cn/3e/ff/c47863a671487/page.htm,官方PDF/公告原文解析核录（总分线）,通过
189,10284,南京大学,2025,学校复试基本线(学科门类/类别),教育学(学硕),345,https://grawww.nju.edu.cn/6b/cb/c905a748491/page.htm,官方PDF/公告原文解析核录（总分线）,通过
190,10284,南京大学,2026,学校复试基本线(学科门类/类别),教育学(学硕),347,https://yzb.nju.edu.cn/9c/f9/c47863a826617/page.htm,官方PDF/公告原文解析核录（总分线）,通过
191,10284,南京大学,2024,学校复试基本线(学科门类/类别),法学(学硕),340,https://yzb.nju.edu.cn/3e/ff/c47863a671487/page.htm,官方PDF/公告原文解析核录（总分线）,通过
192,10284,南京大学,2025,学校复试基本线(学科门类/类别),法学(学硕),340,https://grawww.nju.edu.cn/6b/cb/c905a748491/page.htm,官方PDF/公告原文解析核录（总分线）,通过
193,10284,南京大学,2026,学校复试基本线(学科门类/类别),法学(学硕),335,https://yzb.nju.edu.cn/9c/f9/c47863a826617/page.htm,官方PDF/公告原文解析核录（总分线）,通过
194,10286,东南大学,2024,学校复试基本线(学科门类/类别),计算机科学与技术(学硕),310,https://yzb.seu.edu.cn/2024/0314/c6676a484092/page.htm,官方PDF/公告原文解析核录（总分线）,通过
195,10286,东南大学,2025,学校复试基本线(学科门类/类别),计算机科学与技术(学硕),310,https://yzb.seu.edu.cn/2025/0314/c6676a521705/page.htm,官方PDF/公告原文解析核录（总分线）,通过
196,10286,东南大学,2026,学校复试基本线(学科门类/类别),计算机科学与技术(学硕),320,https://yzb.seu.edu.cn/2026/0314/c6676a558100/page.psp,官方PDF/公告原文解析核录（总分线）,通过
197,10286,东南大学,2024,学校复试基本线(学科门类/类别),机械工程(学硕),310,https://yzb.seu.edu.cn/2024/0314/c6676a484092/page.htm,官方PDF/公告原文解析核录（总分线）,通过
198,10286,东南大学,2025,学校复试基本线(学科门类/类别),机械工程(学硕),310,https://yzb.seu.edu.cn/2025/0314/c6676a521705/page.htm,官方PDF/公告原文解析核录（总分线）,通过
199,10286,东南大学,2026,学校复试基本线(学科门类/类别),机械工程(学硕),320,https://yzb.seu.edu.cn/2026/0314/c6676a558100/page.psp,官方PDF/公告原文解析核录（总分线）,通过
200,10286,东南大学,2024,学校复试基本线(学科门类/类别),信息与通信工程(学硕),310,https://yzb.seu.edu.cn/2024/0314/c6676a484092/page.htm,官方PDF/公告原文解析核录（总分线）,通过
201,10286,东南大学,2025,学校复试基本线(学科门类/类别),信息与通信工程(学硕),310,https://yzb.seu.edu.cn/2025/0314/c6676a521705/page.htm,官方PDF/公告原文解析核录（总分线）,通过
202,10286,东南大学,2026,学校复试基本线(学科门类/类别),信息与通信工程(学硕),320,https://yzb.seu.edu.cn/2026/0314/c6676a558100/page.psp,官方PDF/公告原文解析核录（总分线）,通过
203,10286,东南大学,2024,学校复试基本线(学科门类/类别),计算机技术(专硕),310,https://yzb.seu.edu.cn/2024/0314/c6676a484092/page.htm,官方PDF/公告原文解析核录（总分线）,通过
204,10286,东南大学,2025,学校复试基本线(学科门类/类别),计算机技术(专硕),310,https://yzb.seu.edu.cn/2025/0314/c6676a521705/page.htm,官方PDF/公告原文解析核录（总分线）,通过
205,10286,东南大学,2026,学校复试基本线(学科门类/类别),计算机技术(专硕),320,https://yzb.seu.edu.cn/2026/0314/c6676a558100/page.psp,官方PDF/公告原文解析核录（总分线）,通过
206,10286,东南大学,2024,学校复试基本线(学科门类/类别),软件工程(专硕),310,https://yzb.seu.edu.cn/2024/0314/c6676a484092/page.htm,官方PDF/公告原文解析核录（总分线）,通过
207,10286,东南大学,2025,学校复试基本线(学科门类/类别),软件工程(专硕),310,https://yzb.seu.edu.cn/2025/0314/c6676a521705/page.htm,官方PDF/公告原文解析核录（总分线）,通过
208,10286,东南大学,2026,学校复试基本线(学科门类/类别),软件工程(专硕),320,https://yzb.seu.edu.cn/2026/0314/c6676a558100/page.psp,官方PDF/公告原文解析核录（总分线）,通过
209,10286,东南大学,2024,学校复试基本线(学科门类/类别),金融学(学硕),360,https://yzb.seu.edu.cn/2024/0314/c6676a484092/page.htm,官方PDF/公告原文解析核录（总分线）,通过
210,10286,东南大学,2025,学校复试基本线(学科门类/类别),金融学(学硕),355,https://yzb.seu.edu.cn/2025/0314/c6676a521705/page.htm,官方PDF/公告原文解析核录（总分线）,通过
211,10286,东南大学,2026,学校复试基本线(学科门类/类别),金融学(学硕),365,https://yzb.seu.edu.cn/2026/0314/c6676a558100/page.psp,官方PDF/公告原文解析核录（总分线）,通过
212,10286,东南大学,2024,学校复试基本线(学科门类/类别),金融(专硕),365,https://yzb.seu.edu.cn/2024/0314/c6676a484092/page.htm,官方PDF/公告原文解析核录（总分线）,通过
213,10286,东南大学,2025,学校复试基本线(学科门类/类别),金融(专硕),335,https://yzb.seu.edu.cn/2025/0314/c6676a521705/page.htm,官方PDF/公告原文解析核录（总分线）,通过
214,10286,东南大学,2026,学校复试基本线(学科门类/类别),金融(专硕),380,https://yzb.seu.edu.cn/2026/0314/c6676a558100/page.psp,官方PDF/公告原文解析核录（总分线）,通过
215,10286,东南大学,2024,学校复试基本线(学科门类/类别),教育学(学硕),350,https://yzb.seu.edu.cn/2024/0314/c6676a484092/page.htm,官方PDF/公告原文解析核录（总分线）,通过
216,10286,东南大学,2025,学校复试基本线(学科门类/类别),教育学(学硕),341,https://yzb.seu.edu.cn/2025/0314/c6676a521705/page.htm,官方PDF/公告原文解析核录（总分线）,通过
217,10286,东南大学,2026,学校复试基本线(学科门类/类别),教育学(学硕),350,https://yzb.seu.edu.cn/2026/0314/c6676a558100/page.psp,官方PDF/公告原文解析核录（总分线）,通过
218,10286,东南大学,2024,学校复试基本线(学科门类/类别),法学(学硕),375,https://yzb.seu.edu.cn/2024/0314/c6676a484092/page.htm,官方PDF/公告原文解析核录（总分线）,通过
219,10286,东南大学,2025,学校复试基本线(学科门类/类别),法学(学硕),345,https://yzb.seu.edu.cn/2025/0314/c6676a521705/page.htm,官方PDF/公告原文解析核录（总分线）,通过
220,10286,东南大学,2026,学校复试基本线(学科门类/类别),法学(学硕),355,https://yzb.seu.edu.cn/2026/0314/c6676a558100/page.psp,官方PDF/公告原文解析核录（总分线）,通过
221,10269,华东师范大学,2024,分专业复试线,计算机科学与技术(学硕),340,https://yjszs.ecnu.edu.cn/_upload/article/files/db/d7/3bd3f224457babca17731a7d8310/3ff99930-f6e0-488d-9ef9-aebdf36d875c.pdf,官方公告原文核录（分学院/专业口径）,通过
222,10269,华东师范大学,2025,分专业复试线,计算机科学与技术(学硕),325,https://yjszs.ecnu.edu.cn/58/c8/c43463a678088/page.htm,官方公告原文核录（分学院/专业口径）,通过
223,10269,华东师范大学,2024,分专业复试线,信息与通信工程(学硕),273,https://yjszs.ecnu.edu.cn/_upload/article/files/db/d7/3bd3f224457babca17731a7d8310/3ff99930-f6e0-488d-9ef9-aebdf36d875c.pdf,官方公告原文核录（分学院/专业口径）,通过
224,10269,华东师范大学,2025,分专业复试线,信息与通信工程(学硕),310,https://yjszs.ecnu.edu.cn/58/c8/c43463a678088/page.htm,官方公告原文核录（分学院/专业口径）,通过
225,10269,华东师范大学,2024,分专业复试线,计算机技术(专硕),273,https://yjszs.ecnu.edu.cn/_upload/article/files/db/d7/3bd3f224457babca17731a7d8310/3ff99930-f6e0-488d-9ef9-aebdf36d875c.pdf,官方公告原文核录（分学院/专业口径）,通过
226,10269,华东师范大学,2025,分专业复试线,计算机技术(专硕),260,https://yjszs.ecnu.edu.cn/58/c8/c43463a678088/page.htm,官方公告原文核录（分学院/专业口径）,通过
227,10269,华东师范大学,2026,分专业复试线,计算机技术(专硕),264,https://yjszs.ecnu.edu.cn/6b/94/c43463a748436/page.htm,官方公告原文核录（分学院/专业口径）,通过
228,10269,华东师范大学,2024,分专业复试线,软件工程(专硕),273,https://yjszs.ecnu.edu.cn/_upload/article/files/db/d7/3bd3f224457babca17731a7d8310/3ff99930-f6e0-488d-9ef9-aebdf36d875c.pdf,官方公告原文核录（分学院/专业口径）,通过
229,10269,华东师范大学,2025,分专业复试线,软件工程(专硕),260,https://yjszs.ecnu.edu.cn/58/c8/c43463a678088/page.htm,官方公告原文核录（分学院/专业口径）,通过
230,10269,华东师范大学,2026,分专业复试线,软件工程(专硕),264,https://yjszs.ecnu.edu.cn/6b/94/c43463a748436/page.htm,官方公告原文核录（分学院/专业口径）,通过
231,10269,华东师范大学,2024,分专业复试线,金融学(学硕),367,https://yjszs.ecnu.edu.cn/_upload/article/files/db/d7/3bd3f224457babca17731a7d8310/3ff99930-f6e0-488d-9ef9-aebdf36d875c.pdf,官方公告原文核录（分学院/专业口径）,通过
232,10269,华东师范大学,2025,分专业复试线,金融学(学硕),377,https://yjszs.ecnu.edu.cn/58/c8/c43463a678088/page.htm,官方公告原文核录（分学院/专业口径）,通过
233,10269,华东师范大学,2026,分专业复试线,金融学(学硕),360,https://yjszs.ecnu.edu.cn/6b/94/c43463a748436/page.htm,官方公告原文核录（分学院/专业口径）,通过
234,10269,华东师范大学,2024,分专业复试线,金融(专硕),368,https://yjszs.ecnu.edu.cn/_upload/article/files/db/d7/3bd3f224457babca17731a7d8310/3ff99930-f6e0-488d-9ef9-aebdf36d875c.pdf,官方公告原文核录（分学院/专业口径）,通过
235,10269,华东师范大学,2025,分专业复试线,金融(专硕),351,https://yjszs.ecnu.edu.cn/58/c8/c43463a678088/page.htm,官方公告原文核录（分学院/专业口径）,通过
236,10269,华东师范大学,2026,分专业复试线,金融(专硕),357,https://yjszs.ecnu.edu.cn/6b/94/c43463a748436/page.htm,官方公告原文核录（分学院/专业口径）,通过
237,10269,华东师范大学,2024,分专业复试线,法学(学硕),359,https://yjszs.ecnu.edu.cn/_upload/article/files/db/d7/3bd3f224457babca17731a7d8310/3ff99930-f6e0-488d-9ef9-aebdf36d875c.pdf,官方公告原文核录（分学院/专业口径）,通过
238,10269,华东师范大学,2025,分专业复试线,法学(学硕),338,https://yjszs.ecnu.edu.cn/58/c8/c43463a678088/page.htm,官方公告原文核录（分学院/专业口径）,通过
239,10269,华东师范大学,2026,分专业复试线,法学(学硕),356,https://yjszs.ecnu.edu.cn/6b/94/c43463a748436/page.htm,官方公告原文核录（分学院/专业口径）,通过
240,10269,华东师范大学,2024,分专业复试线,教育学(学硕),376,https://yjszs.ecnu.edu.cn/_upload/article/files/db/d7/3bd3f224457babca17731a7d8310/3ff99930-f6e0-488d-9ef9-aebdf36d875c.pdf,官方公告原文核录（分学院/专业口径）,通过
241,10269,华东师范大学,2025,分专业复试线,教育学(学硕),343,https://yjszs.ecnu.edu.cn/58/c8/c43463a678088/page.htm,官方公告原文核录（分学院/专业口径）,通过
242,10269,华东师范大学,2026,分专业复试线,教育学(学硕),365,https://yjszs.ecnu.edu.cn/6b/94/c43463a748436/page.htm,官方公告原文核录（分学院/专业口径）,通过
243,10272,上海财经大学,2024,分专业复试线,金融学(学硕),338,https://gs.sufe.edu.cn/Home/Detail/7586,官方网页表格逐字核录（分专业口径）,通过
244,10272,上海财经大学,2025,分专业复试线,金融学(学硕),323,https://gs.sufe.edu.cn/Home/Detail/7812,官方网页表格逐字核录（分专业口径）,通过
245,10272,上海财经大学,2026,分专业复试线,金融学(学硕),324,https://gs.sufe.edu.cn/Home/Detail/7976,官方网页表格逐字核录（分专业口径）,通过
246,10272,上海财经大学,2024,分专业复试线,金融(专硕),338,https://gs.sufe.edu.cn/Home/Detail/7586,官方网页表格逐字核录（分专业口径）,通过
247,10272,上海财经大学,2025,分专业复试线,金融(专硕),323,https://gs.sufe.edu.cn/Home/Detail/7812,官方网页表格逐字核录（分专业口径）,通过
248,10272,上海财经大学,2026,分专业复试线,金融(专硕),324,https://gs.sufe.edu.cn/Home/Detail/7976,官方网页表格逐字核录（分专业口径）,通过
249,10272,上海财经大学,2024,分专业复试线,法学(学硕),331,https://gs.sufe.edu.cn/Home/Detail/7586,官方网页表格逐字核录（分专业口径）,通过
250,10272,上海财经大学,2025,分专业复试线,法学(学硕),323,https://gs.sufe.edu.cn/Home/Detail/7812,官方网页表格逐字核录（分专业口径）,通过
251,10272,上海财经大学,2026,分专业复试线,法学(学硕),321,https://gs.sufe.edu.cn/Home/Detail/7976,官方网页表格逐字核录（分专业口径）,通过
252,10337,浙江工业大学,2024,分专业复试线,信息与通信工程(学硕),313,http://www.yz.zjut.edu.cn/2024/0328/c4167a256203/page.htm,官方分数线原图本地OCR核录,通过
253,10337,浙江工业大学,2025,分专业复试线,信息与通信工程(学硕),260,http://www.yz.zjut.edu.cn/2025/0327/c4270a301258/page.htm,官方分数线原图本地OCR核录,通过
254,10337,浙江工业大学,2026,分专业复试线,信息与通信工程(学硕),264,http://www.yz.zjut.edu.cn/2026/0328/c4270a329985/page.htm,官方分数线原图本地OCR核录,通过
255,10337,浙江工业大学,2024,分专业复试线,计算机科学与技术(学硕),309,http://www.yz.zjut.edu.cn/2024/0328/c4167a256203/page.htm,官方分数线原图本地OCR核录,通过
256,10337,浙江工业大学,2025,分专业复试线,计算机科学与技术(学硕),278,http://www.yz.zjut.edu.cn/2025/0327/c4270a301258/page.htm,官方分数线原图本地OCR核录,通过
257,10337,浙江工业大学,2026,分专业复试线,计算机科学与技术(学硕),293,http://www.yz.zjut.edu.cn/2026/0328/c4270a329985/page.htm,官方分数线原图本地OCR核录,通过
258,10337,浙江工业大学,2024,分专业复试线,计算机技术(专硕),282,http://www.yz.zjut.edu.cn/2024/0328/c4167a256203/page.htm,官方分数线原图本地OCR核录,通过
259,10337,浙江工业大学,2026,分专业复试线,计算机技术(专硕),300,http://www.yz.zjut.edu.cn/2026/0328/c4270a329985/page.htm,官方分数线原图本地OCR核录,通过
260,10337,浙江工业大学,2024,分专业复试线,软件工程(专硕),275,http://www.yz.zjut.edu.cn/2024/0328/c4167a256203/page.htm,官方分数线原图本地OCR核录,通过
261,10337,浙江工业大学,2025,分专业复试线,软件工程(专硕),270,http://www.yz.zjut.edu.cn/2025/0327/c4270a301258/page.htm,官方分数线原图本地OCR核录,通过
262,10337,浙江工业大学,2026,分专业复试线,软件工程(专硕),264,http://www.yz.zjut.edu.cn/2026/0328/c4270a329985/page.htm,官方分数线原图本地OCR核录,通过
263,10337,浙江工业大学,2024,分专业复试线,教育学(学硕),350,http://www.yz.zjut.edu.cn/2024/0328/c4167a256203/page.htm,官方分数线原图本地OCR核录,通过
264,10337,浙江工业大学,2025,分专业复试线,教育学(学硕),341,http://www.yz.zjut.edu.cn/2025/0327/c4270a301258/page.htm,官方分数线原图本地OCR核录,通过
265,10337,浙江工业大学,2026,分专业复试线,教育学(学硕),347,http://www.yz.zjut.edu.cn/2026/0328/c4270a329985/page.htm,官方分数线原图本地OCR核录,通过
266,10337,浙江工业大学,2024,分专业复试线,法学(学硕),331,http://www.yz.zjut.edu.cn/2024/0328/c4167a256203/page.htm,官方分数线原图本地OCR核录,通过
267,10337,浙江工业大学,2025,分专业复试线,法学(学硕),323,http://www.yz.zjut.edu.cn/2025/0327/c4270a301258/page.htm,官方分数线原图本地OCR核录,通过
268,10337,浙江工业大学,2026,分专业复试线,法学(学硕),321,http://www.yz.zjut.edu.cn/2026/0328/c4270a329985/page.htm,官方分数线原图本地OCR核录,通过
269,10337,浙江工业大学,2024,分专业复试线,金融(专硕),338,http://www.yz.zjut.edu.cn/2024/0328/c4167a256203/page.htm,官方分数线原图本地OCR核录,通过
270,10337,浙江工业大学,2025,分专业复试线,金融(专硕),349,http://www.yz.zjut.edu.cn/2025/0327/c4270a301258/page.htm,官方分数线原图本地OCR核录,通过
271,10337,浙江工业大学,2026,分专业复试线,金融(专硕),324,http://www.yz.zjut.edu.cn/2026/0328/c4270a329985/page.htm,官方分数线原图本地OCR核录,通过
272,10337,浙江工业大学,2024,分专业复试线,金融学(学硕),338,http://www.yz.zjut.edu.cn/2024/0328/c4167a256203/page.htm,官方分数线原图本地OCR核录,通过
273,10337,浙江工业大学,2025,分专业复试线,金融学(学硕),323,http://www.yz.zjut.edu.cn/2025/0327/c4270a301258/page.htm,官方分数线原图本地OCR核录,通过
274,10337,浙江工业大学,2026,分专业复试线,金融学(学硕),264,http://www.yz.zjut.edu.cn/2026/0328/c4270a329985/page.htm,官方分数线原图本地OCR核录,通过
275,10338,浙江理工大学,2026,分专业复试线,计算机科学与技术(学硕),264,https://gradadmission.zstu.edu.cn/info/1011/3343.htm,官方网页表格逐字核录（分专业口径）,通过
276,10338,浙江理工大学,2026,分专业复试线,计算机技术(专硕),338,https://gradadmission.zstu.edu.cn/info/1011/3343.htm,官方网页表格逐字核录（分专业口径）,通过
277,10338,浙江理工大学,2026,分专业复试线,机械工程(学硕),264,https://gradadmission.zstu.edu.cn/info/1011/3343.htm,官方网页表格逐字核录（分专业口径）,通过
278,10338,浙江理工大学,2026,分专业复试线,信息与通信工程(学硕),264,https://gradadmission.zstu.edu.cn/info/1011/3343.htm,官方网页表格逐字核录（分专业口径）,通过
279,10338,浙江理工大学,2026,分专业复试线,金融(专硕),324,https://gradadmission.zstu.edu.cn/info/1011/3343.htm,官方网页表格逐字核录（分专业口径）,通过
280,10338,浙江理工大学,2026,分专业复试线,法学(学硕),321,https://gradadmission.zstu.edu.cn/info/1011/3343.htm,官方网页表格逐字核录（分专业口径）,通过
281,10338,浙江理工大学,2026,分专业复试线,金融学(学硕),324,https://gradadmission.zstu.edu.cn/info/1011/3343.htm,官方网页表格逐字核录（分专业口径）,通过
282,10486,武汉大学,2024,自划线-分培养单位复试线,计算机科学与技术(学硕),350,https://wdyz.whu.edu.cn/info/1026/6373.htm,官方PDF/网页表格核录（分培养单位口径）,通过
283,10486,武汉大学,2025,自划线-分培养单位复试线,计算机科学与技术(学硕),325,https://wdyz.whu.edu.cn/info/1026/7293.htm,官方PDF/网页表格核录（分培养单位口径）,通过
284,10486,武汉大学,2024,自划线-分培养单位复试线,信息与通信工程(学硕),315,https://wdyz.whu.edu.cn/info/1026/6373.htm,官方PDF/网页表格核录（分培养单位口径）,通过
285,10486,武汉大学,2025,自划线-分培养单位复试线,信息与通信工程(学硕),310,https://wdyz.whu.edu.cn/info/1026/7293.htm,官方PDF/网页表格核录（分培养单位口径）,通过
286,10486,武汉大学,2024,自划线-分培养单位复试线,机械工程(学硕),300,https://wdyz.whu.edu.cn/info/1026/6373.htm,官方PDF/网页表格核录（分培养单位口径）,通过
287,10486,武汉大学,2025,自划线-分培养单位复试线,机械工程(学硕),290,https://wdyz.whu.edu.cn/info/1026/7293.htm,官方PDF/网页表格核录（分培养单位口径）,通过
288,10486,武汉大学,2024,自划线-分培养单位复试线,计算机技术(专硕),335,https://wdyz.whu.edu.cn/info/1026/6373.htm,官方PDF/网页表格核录（分培养单位口径）,通过
289,10486,武汉大学,2025,自划线-分培养单位复试线,计算机技术(专硕),320,https://wdyz.whu.edu.cn/info/1026/7293.htm,官方PDF/网页表格核录（分培养单位口径）,通过
290,10486,武汉大学,2024,自划线-分培养单位复试线,软件工程(专硕),315,https://wdyz.whu.edu.cn/info/1026/6373.htm,官方PDF/网页表格核录（分培养单位口径）,通过
291,10486,武汉大学,2025,自划线-分培养单位复试线,软件工程(专硕),310,https://wdyz.whu.edu.cn/info/1026/7293.htm,官方PDF/网页表格核录（分培养单位口径）,通过
292,10486,武汉大学,2024,自划线-分培养单位复试线,金融学(学硕),350,https://wdyz.whu.edu.cn/info/1026/6373.htm,官方PDF/网页表格核录（分培养单位口径）,通过
293,10486,武汉大学,2025,自划线-分培养单位复试线,金融学(学硕),340,https://wdyz.whu.edu.cn/info/1026/7293.htm,官方PDF/网页表格核录（分培养单位口径）,通过
294,10486,武汉大学,2024,自划线-分培养单位复试线,金融(专硕),338,https://wdyz.whu.edu.cn/info/1026/6373.htm,官方PDF/网页表格核录（分培养单位口径）,通过
295,10486,武汉大学,2025,自划线-分培养单位复试线,金融(专硕),370,https://wdyz.whu.edu.cn/info/1026/7293.htm,官方PDF/网页表格核录（分培养单位口径）,通过
296,10486,武汉大学,2024,自划线-分培养单位复试线,法学(学硕),376,https://wdyz.whu.edu.cn/info/1026/6373.htm,官方PDF/网页表格核录（分培养单位口径）,通过
297,10486,武汉大学,2025,自划线-分培养单位复试线,法学(学硕),335,https://wdyz.whu.edu.cn/info/1026/7293.htm,官方PDF/网页表格核录（分培养单位口径）,通过
298,10288,南京理工大学,2024,分专业复试线,计算机科学与技术(学硕),350,https://gs.njust.edu.cn/c3/64/c14687a312164/page.htm,官方网页表格逐字核录（分专业口径）,通过
299,10288,南京理工大学,2025,分专业复试线,计算机科学与技术(学硕),335,https://gs.njust.edu.cn/zsw/63/17/c4585a353047/page.htm,官方网页表格逐字核录（分专业口径）,通过
300,10288,南京理工大学,2026,分专业复试线,计算机科学与技术(学硕),330,https://gs.njust.edu.cn/zsw/84/58/c4585a361560/page.htm,官方网页表格逐字核录（分专业口径）,通过
301,10288,南京理工大学,2025,分专业复试线,信息与通信工程(学硕),320,https://gs.njust.edu.cn/zsw/63/17/c4585a353047/page.htm,官方网页表格逐字核录（分专业口径）,通过
302,10288,南京理工大学,2026,分专业复试线,信息与通信工程(学硕),330,https://gs.njust.edu.cn/zsw/84/58/c4585a361560/page.htm,官方网页表格逐字核录（分专业口径）,通过
303,10288,南京理工大学,2025,分专业复试线,机械工程(学硕),305,https://gs.njust.edu.cn/zsw/63/17/c4585a353047/page.htm,官方网页表格逐字核录（分专业口径）,通过
304,10288,南京理工大学,2026,分专业复试线,机械工程(学硕),350,https://gs.njust.edu.cn/zsw/84/58/c4585a361560/page.htm,官方网页表格逐字核录（分专业口径）,通过
305,10288,南京理工大学,2024,分专业复试线,计算机技术(专硕),355,https://gs.njust.edu.cn/c3/64/c14687a312164/page.htm,官方网页表格逐字核录（分专业口径）,通过
306,10288,南京理工大学,2025,分专业复试线,计算机技术(专硕),340,https://gs.njust.edu.cn/zsw/63/17/c4585a353047/page.htm,官方网页表格逐字核录（分专业口径）,通过
307,10288,南京理工大学,2026,分专业复试线,计算机技术(专硕),360,https://gs.njust.edu.cn/zsw/84/58/c4585a361560/page.htm,官方网页表格逐字核录（分专业口径）,通过
308,10288,南京理工大学,2024,分专业复试线,软件工程(专硕),355,https://gs.njust.edu.cn/c3/64/c14687a312164/page.htm,官方网页表格逐字核录（分专业口径）,通过
309,10288,南京理工大学,2025,分专业复试线,软件工程(专硕),340,https://gs.njust.edu.cn/zsw/63/17/c4585a353047/page.htm,官方网页表格逐字核录（分专业口径）,通过
310,10288,南京理工大学,2026,分专业复试线,软件工程(专硕),360,https://gs.njust.edu.cn/zsw/84/58/c4585a361560/page.htm,官方网页表格逐字核录（分专业口径）,通过
311,10288,南京理工大学,2024,分专业复试线,金融学(学硕),346,https://gs.njust.edu.cn/c3/64/c14687a312164/page.htm,官方网页表格逐字核录（分专业口径）,通过
312,10288,南京理工大学,2025,分专业复试线,金融学(学硕),354,https://gs.njust.edu.cn/zsw/63/17/c4585a353047/page.htm,官方网页表格逐字核录（分专业口径）,通过
313,10288,南京理工大学,2026,分专业复试线,金融学(学硕),381,https://gs.njust.edu.cn/zsw/84/58/c4585a361560/page.htm,官方网页表格逐字核录（分专业口径）,通过
314,10288,南京理工大学,2024,分专业复试线,金融(专硕),366,https://gs.njust.edu.cn/c3/64/c14687a312164/page.htm,官方网页表格逐字核录（分专业口径）,通过
315,10288,南京理工大学,2025,分专业复试线,金融(专硕),352,https://gs.njust.edu.cn/zsw/63/17/c4585a353047/page.htm,官方网页表格逐字核录（分专业口径）,通过
316,10288,南京理工大学,2026,分专业复试线,金融(专硕),365,https://gs.njust.edu.cn/zsw/84/58/c4585a361560/page.htm,官方网页表格逐字核录（分专业口径）,通过
317,10288,南京理工大学,2024,分专业复试线,法学(学硕),345,https://gs.njust.edu.cn/c3/64/c14687a312164/page.htm,官方网页表格逐字核录（分专业口径）,通过
318,10288,南京理工大学,2025,分专业复试线,法学(学硕),323,https://gs.njust.edu.cn/zsw/63/17/c4585a353047/page.htm,官方网页表格逐字核录（分专业口径）,通过
319,10288,南京理工大学,2026,分专业复试线,法学(学硕),343,https://gs.njust.edu.cn/zsw/84/58/c4585a361560/page.htm,官方网页表格逐字核录（分专业口径）,通过
320,10293,南京邮电大学,2024,分专业复试线,信息与通信工程(学硕),307,https://yzb.njupt.edu.cn/2024/0622/c7813a269521/page.htm,官方公告原文核录（分学院/专业口径）,通过
321,10293,南京邮电大学,2025,分专业复试线,信息与通信工程(学硕),300,https://yzb.njupt.edu.cn/2025/0526/c7813a284312/page.htm,官方公告原文核录（分学院/专业口径）,通过
322,10293,南京邮电大学,2026,分专业复试线,信息与通信工程(学硕),315,https://yzb.njupt.edu.cn/2026/0529/c7813a302875/page.htm,官方公告原文核录（分学院/专业口径）,通过
323,10293,南京邮电大学,2024,分专业复试线,计算机科学与技术(学硕),341,https://yzb.njupt.edu.cn/2024/0622/c7813a269521/page.htm,官方公告原文核录（分学院/专业口径）,通过
324,10293,南京邮电大学,2025,分专业复试线,计算机科学与技术(学硕),289,https://yzb.njupt.edu.cn/2025/0526/c7813a284312/page.htm,官方公告原文核录（分学院/专业口径）,通过
325,10293,南京邮电大学,2026,分专业复试线,计算机科学与技术(学硕),303,https://yzb.njupt.edu.cn/2026/0529/c7813a302875/page.htm,官方公告原文核录（分学院/专业口径）,通过
326,10293,南京邮电大学,2024,分专业复试线,计算机技术(专硕),339,https://yzb.njupt.edu.cn/2024/0622/c7813a269521/page.htm,官方公告原文核录（分学院/专业口径）,通过
327,10293,南京邮电大学,2025,分专业复试线,计算机技术(专硕),339,https://yzb.njupt.edu.cn/2025/0526/c7813a284312/page.htm,官方公告原文核录（分学院/专业口径）,通过
328,10293,南京邮电大学,2026,分专业复试线,计算机技术(专硕),339,https://yzb.njupt.edu.cn/2026/0529/c7813a302875/page.htm,官方公告原文核录（分学院/专业口径）,通过
329,10293,南京邮电大学,2024,分专业复试线,金融学(学硕),342,https://yzb.njupt.edu.cn/2024/0622/c7813a269521/page.htm,官方公告原文核录（分学院/专业口径）,通过
330,10293,南京邮电大学,2025,分专业复试线,金融学(学硕),323,https://yzb.njupt.edu.cn/2025/0526/c7813a284312/page.htm,官方公告原文核录（分学院/专业口径）,通过
331,10293,南京邮电大学,2026,分专业复试线,金融学(学硕),356,https://yzb.njupt.edu.cn/2026/0529/c7813a302875/page.htm,官方公告原文核录（分学院/专业口径）,通过
332,10293,南京邮电大学,2024,分专业复试线,教育学(学硕),376,https://yzb.njupt.edu.cn/2024/0622/c7813a269521/page.htm,官方公告原文核录（分学院/专业口径）,通过
333,10293,南京邮电大学,2025,分专业复试线,教育学(学硕),341,https://yzb.njupt.edu.cn/2025/0526/c7813a284312/page.htm,官方公告原文核录（分学院/专业口径）,通过
334,10293,南京邮电大学,2026,分专业复试线,教育学(学硕),347,https://yzb.njupt.edu.cn/2026/0529/c7813a302875/page.htm,官方公告原文核录（分学院/专业口径）,通过
335,10486,武汉大学,2026,自划线-分培养单位复试线,计算机科学与技术(学硕),295,https://wdyz.whu.edu.cn/wuhandaxue2026nianshuoshiyanjiushengzhaoshengkaoshifushijibenfenshuxianjixiangguanshuoming_3.20wanzhenggongbu.pdf,官方PDF/网页表格核录（分培养单位口径）,通过
336,10486,武汉大学,2026,自划线-分培养单位复试线,信息与通信工程(学硕),350,https://wdyz.whu.edu.cn/wuhandaxue2026nianshuoshiyanjiushengzhaoshengkaoshifushijibenfenshuxianjixiangguanshuoming_3.20wanzhenggongbu.pdf,官方PDF/网页表格核录（分培养单位口径）,通过
337,10486,武汉大学,2026,自划线-分培养单位复试线,机械工程(学硕),310,https://wdyz.whu.edu.cn/wuhandaxue2026nianshuoshiyanjiushengzhaoshengkaoshifushijibenfenshuxianjixiangguanshuoming_3.20wanzhenggongbu.pdf,官方PDF/网页表格核录（分培养单位口径）,通过
338,10486,武汉大学,2026,自划线-分培养单位复试线,计算机技术(专硕),350,https://wdyz.whu.edu.cn/wuhandaxue2026nianshuoshiyanjiushengzhaoshengkaoshifushijibenfenshuxianjixiangguanshuoming_3.20wanzhenggongbu.pdf,官方PDF/网页表格核录（分培养单位口径）,通过
339,10486,武汉大学,2026,自划线-分培养单位复试线,金融学(学硕),380,https://wdyz.whu.edu.cn/wuhandaxue2026nianshuoshiyanjiushengzhaoshengkaoshifushijibenfenshuxianjixiangguanshuoming_3.20wanzhenggongbu.pdf,官方PDF/网页表格核录（分培养单位口径）,通过
340,10486,武汉大学,2026,自划线-分培养单位复试线,金融(专硕),380,https://wdyz.whu.edu.cn/wuhandaxue2026nianshuoshiyanjiushengzhaoshengkaoshifushijibenfenshuxianjixiangguanshuoming_3.20wanzhenggongbu.pdf,官方PDF/网页表格核录（分培养单位口径）,通过
341,10486,武汉大学,2026,自划线-分培养单位复试线,法学(学硕),360,https://wdyz.whu.edu.cn/wuhandaxue2026nianshuoshiyanjiushengzhaoshengkaoshifushijibenfenshuxianjixiangguanshuoming_3.20wanzhenggongbu.pdf,官方PDF/网页表格核录（分培养单位口径）,通过
