sch_id,name,province,department,is_double_first,has_graduate_school,is_self_line,source_url
368129,上海交通大学,上海,教育部,1,1,1,https://yz.chsi.com.cn/sch/schoolInfo--schId-368129.dhtml
368037,东北大学,辽宁,教育部,1,1,1,https://yz.chsi.com.cn/sch/schoolInfo--schId-368037.dhtml
368180,东南大学,江苏,教育部,1,1,1,https://yz.chsi.com.cn/sch/schoolInfo--schId-368180.dhtml
368393,中南大学,湖南,教育部,1,1,1,https://yz.chsi.com.cn/sch/schoolInfo--schId-368393.dhtml
367879,中国人民大学,北京,教育部,1,1,1,https://yz.chsi.com.cn/sch/schoolInfo--schId-367879.dhtml
367893,中国农业大学,北京,教育部,1,1,1,https://yz.chsi.com.cn/sch/schoolInfo--schId-367893.dhtml
368237,中国科学技术大学,安徽,中国科学院,1,1,1,https://yz.chsi.com.cn/sch/schoolInfo--schId-368237.dhtml
368411,中山大学,广东,教育部,1,1,1,https://yz.chsi.com.cn/sch/schoolInfo--schId-368411.dhtml
368587,兰州大学,甘肃,教育部,1,1,1,https://yz.chsi.com.cn/sch/schoolInfo--schId-368587.dhtml
367878,北京大学,北京,教育部,1,1,1,https://yz.chsi.com.cn/sch/schoolInfo--schId-367878.dhtml
367859,北京师范大学,北京,教育部,1,1,1,https://yz.chsi.com.cn/sch/schoolInfo--schId-367859.dhtml
367884,北京理工大学,北京,工业与信息化部,1,1,1,https://yz.chsi.com.cn/sch/schoolInfo--schId-367884.dhtml
367883,北京航空航天大学,北京,工业与信息化部,1,1,1,https://yz.chsi.com.cn/sch/schoolInfo--schId-367883.dhtml
368358,华中科技大学,湖北,教育部,1,1,1,https://yz.chsi.com.cn/sch/schoolInfo--schId-368358.dhtml
368416,华南理工大学,广东,教育部,1,1,1,https://yz.chsi.com.cn/sch/schoolInfo--schId-368416.dhtml
368194,南京大学,江苏,教育部,1,1,1,https://yz.chsi.com.cn/sch/schoolInfo--schId-368194.dhtml
367949,南开大学,天津,教育部,1,1,1,https://yz.chsi.com.cn/sch/schoolInfo--schId-367949.dhtml
368256,厦门大学,福建,教育部,1,1,1,https://yz.chsi.com.cn/sch/schoolInfo--schId-368256.dhtml
368065,吉林大学,吉林,教育部,1,1,1,https://yz.chsi.com.cn/sch/schoolInfo--schId-368065.dhtml
368128,同济大学,上海,教育部,1,1,1,https://yz.chsi.com.cn/sch/schoolInfo--schId-368128.dhtml
368087,哈尔滨工业大学,黑龙江,工业与信息化部,1,1,1,https://yz.chsi.com.cn/sch/schoolInfo--schId-368087.dhtml
368479,四川大学,四川,教育部,1,1,1,https://yz.chsi.com.cn/sch/schoolInfo--schId-368479.dhtml
368127,复旦大学,上海,教育部,1,1,1,https://yz.chsi.com.cn/sch/schoolInfo--schId-368127.dhtml
368033,大连理工大学,辽宁,教育部,1,1,1,https://yz.chsi.com.cn/sch/schoolInfo--schId-368033.dhtml
367959,天津大学,天津,教育部,1,1,1,https://yz.chsi.com.cn/sch/schoolInfo--schId-367959.dhtml
368289,山东大学,山东,教育部,1,1,1,https://yz.chsi.com.cn/sch/schoolInfo--schId-368289.dhtml
368357,武汉大学,湖北,教育部,1,1,1,https://yz.chsi.com.cn/sch/schoolInfo--schId-368357.dhtml
368213,浙江大学,浙江,教育部,1,1,1,https://yz.chsi.com.cn/sch/schoolInfo--schId-368213.dhtml
367880,清华大学,北京,教育部,1,1,1,https://yz.chsi.com.cn/sch/schoolInfo--schId-367880.dhtml
368380,湖南大学,湖南,教育部,1,1,1,https://yz.chsi.com.cn/sch/schoolInfo--schId-368380.dhtml
368480,电子科技大学,四川,教育部,1,1,1,https://yz.chsi.com.cn/sch/schoolInfo--schId-368480.dhtml
368555,西北工业大学,陕西,工业与信息化部,1,1,1,https://yz.chsi.com.cn/sch/schoolInfo--schId-368555.dhtml
368554,西安交通大学,陕西,教育部,1,1,1,https://yz.chsi.com.cn/sch/schoolInfo--schId-368554.dhtml
368455,重庆大学,重庆,教育部,1,1,1,https://yz.chsi.com.cn/sch/schoolInfo--schId-368455.dhtml
368136,上海中医药大学,上海,上海市,1,0,0,https://yz.chsi.com.cn/sch/schoolInfo--schId-368136.dhtml
368149,上海体育大学,上海,国家体育总局,1,0,0,https://yz.chsi.com.cn/sch/schoolInfo--schId-368149.dhtml
368139,上海外国语大学,上海,教育部,1,0,0,https://yz.chsi.com.cn/sch/schoolInfo--schId-368139.dhtml
368146,上海大学,上海,上海市,1,0,0,https://yz.chsi.com.cn/sch/schoolInfo--schId-368146.dhtml
368134,上海海洋大学,上海,上海市,1,0,0,https://yz.chsi.com.cn/sch/schoolInfo--schId-368134.dhtml
1725132009,上海科技大学,上海,上海市,1,0,0,https://yz.chsi.com.cn/sch/schoolInfo--schId-1725132009.dhtml
368143,上海财经大学,上海,教育部,1,0,0,https://yz.chsi.com.cn/sch/schoolInfo--schId-368143.dhtml
368148,上海音乐学院,上海,上海市,1,0,0,https://yz.chsi.com.cn/sch/schoolInfo--schId-368148.dhtml
368098,东北农业大学,黑龙江,黑龙江省,1,0,0,https://yz.chsi.com.cn/sch/schoolInfo--schId-368098.dhtml
368059,东北师范大学,吉林,教育部,1,1,0,https://yz.chsi.com.cn/sch/schoolInfo--schId-368059.dhtml
368097,东北林业大学,黑龙江,教育部,1,0,0,https://yz.chsi.com.cn/sch/schoolInfo--schId-368097.dhtml
368133,东华大学,上海,教育部,1,0,0,https://yz.chsi.com.cn/sch/schoolInfo--schId-368133.dhtml
368376,中南财经政法大学,湖北,教育部,1,0,0,https://yz.chsi.com.cn/sch/schoolInfo--schId-368376.dhtml
367870,中国人民公安大学,北京,公安部,1,0,0,https://yz.chsi.com.cn/sch/schoolInfo--schId-367870.dhtml
367876,中国传媒大学,北京,教育部,1,0,0,https://yz.chsi.com.cn/sch/schoolInfo--schId-367876.dhtml
367925,中国地质大学(北京),北京,教育部,1,1,0,https://yz.chsi.com.cn/sch/schoolInfo--schId-367925.dhtml
368369,中国地质大学(武汉),湖北,教育部,1,1,0,https://yz.chsi.com.cn/sch/schoolInfo--schId-368369.dhtml
367921,中国政法大学,北京,教育部,1,0,0,https://yz.chsi.com.cn/sch/schoolInfo--schId-367921.dhtml
368290,中国海洋大学,山东,教育部,1,0,0,https://yz.chsi.com.cn/sch/schoolInfo--schId-368290.dhtml
367916,中国石油大学(北京),北京,教育部,1,1,0,https://yz.chsi.com.cn/sch/schoolInfo--schId-367916.dhtml
368302,中国石油大学(华东),山东,教育部,1,1,0,https://yz.chsi.com.cn/sch/schoolInfo--schId-368302.dhtml
368184,中国矿业大学,江苏,教育部,1,1,0,https://yz.chsi.com.cn/sch/schoolInfo--schId-368184.dhtml
367923,中国矿业大学(北京),北京,教育部,1,1,0,https://yz.chsi.com.cn/sch/schoolInfo--schId-367923.dhtml
367929,中国科学院大学,北京,中国科学院,1,1,0,https://yz.chsi.com.cn/sch/schoolInfo--schId-367929.dhtml
368203,中国美术学院,浙江,浙江省,1,0,0,https://yz.chsi.com.cn/sch/schoolInfo--schId-368203.dhtml
368193,中国药科大学,江苏,教育部,1,0,0,https://yz.chsi.com.cn/sch/schoolInfo--schId-368193.dhtml
367874,中国音乐学院,北京,北京市,1,0,0,https://yz.chsi.com.cn/sch/schoolInfo--schId-367874.dhtml
367858,中央戏剧学院,北京,教育部,1,0,0,https://yz.chsi.com.cn/sch/schoolInfo--schId-367858.dhtml
367920,中央民族大学,北京,国家民族事务委员会,1,0,0,https://yz.chsi.com.cn/sch/schoolInfo--schId-367920.dhtml
367875,中央美术学院,北京,教育部,1,0,0,https://yz.chsi.com.cn/sch/schoolInfo--schId-367875.dhtml
367866,中央财经大学,北京,教育部,1,0,0,https://yz.chsi.com.cn/sch/schoolInfo--schId-367866.dhtml
367873,中央音乐学院,北京,教育部,1,0,0,https://yz.chsi.com.cn/sch/schoolInfo--schId-367873.dhtml
368520,云南大学,云南,云南省,1,0,0,https://yz.chsi.com.cn/sch/schoolInfo--schId-368520.dhtml
368005,内蒙古大学,内蒙古,内蒙古自治区,1,0,0,https://yz.chsi.com.cn/sch/schoolInfo--schId-368005.dhtml
367885,北京中医药大学,北京,教育部,1,0,0,https://yz.chsi.com.cn/sch/schoolInfo--schId-367885.dhtml
367881,北京交通大学,北京,教育部,1,1,0,https://yz.chsi.com.cn/sch/schoolInfo--schId-367881.dhtml
367872,北京体育大学,北京,国家体育总局,1,0,0,https://yz.chsi.com.cn/sch/schoolInfo--schId-367872.dhtml
367877,北京化工大学,北京,教育部,1,0,0,https://yz.chsi.com.cn/sch/schoolInfo--schId-367877.dhtml
367867,北京协和医学院,北京,国家卫生健康委员会,1,1,0,https://yz.chsi.com.cn/sch/schoolInfo--schId-367867.dhtml
367862,北京外国语大学,北京,教育部,1,0,0,https://yz.chsi.com.cn/sch/schoolInfo--schId-367862.dhtml
367882,北京工业大学,北京,北京市,1,0,0,https://yz.chsi.com.cn/sch/schoolInfo--schId-367882.dhtml
367895,北京林业大学,北京,教育部,1,1,0,https://yz.chsi.com.cn/sch/schoolInfo--schId-367895.dhtml
367896,北京科技大学,北京,教育部,1,1,0,https://yz.chsi.com.cn/sch/schoolInfo--schId-367896.dhtml
367890,北京邮电大学,北京,教育部,1,1,0,https://yz.chsi.com.cn/sch/schoolInfo--schId-367890.dhtml
368137,华东师范大学,上海,教育部,1,1,0,https://yz.chsi.com.cn/sch/schoolInfo--schId-368137.dhtml
368142,华东理工大学,上海,教育部,1,1,0,https://yz.chsi.com.cn/sch/schoolInfo--schId-368142.dhtml
368365,华中农业大学,湖北,教育部,1,0,0,https://yz.chsi.com.cn/sch/schoolInfo--schId-368365.dhtml
368378,华中师范大学,湖北,教育部,1,0,0,https://yz.chsi.com.cn/sch/schoolInfo--schId-368378.dhtml
367935,华北电力大学,北京,教育部,1,0,0,https://yz.chsi.com.cn/sch/schoolInfo--schId-367935.dhtml
367976,华北电力大学(保定),河北,教育部,1,0,0,https://yz.chsi.com.cn/sch/schoolInfo--schId-367976.dhtml
368413,华南农业大学,广东,广东省,1,0,0,https://yz.chsi.com.cn/sch/schoolInfo--schId-368413.dhtml
368422,华南师范大学,广东,广东省,1,0,0,https://yz.chsi.com.cn/sch/schoolInfo--schId-368422.dhtml
368190,南京中医药大学,江苏,江苏省,1,0,0,https://yz.chsi.com.cn/sch/schoolInfo--schId-368190.dhtml
368199,南京信息工程大学,江苏,江苏省,1,0,0,https://yz.chsi.com.cn/sch/schoolInfo--schId-368199.dhtml
368198,南京农业大学,江苏,教育部,1,1,0,https://yz.chsi.com.cn/sch/schoolInfo--schId-368198.dhtml
368196,南京医科大学,江苏,江苏省,1,0,0,https://yz.chsi.com.cn/sch/schoolInfo--schId-368196.dhtml
368202,南京师范大学,江苏,江苏省,1,0,0,https://yz.chsi.com.cn/sch/schoolInfo--schId-368202.dhtml
368201,南京林业大学,江苏,江苏省,1,0,0,https://yz.chsi.com.cn/sch/schoolInfo--schId-368201.dhtml
368182,南京理工大学,江苏,工业与信息化部,1,1,0,https://yz.chsi.com.cn/sch/schoolInfo--schId-368182.dhtml
368181,南京航空航天大学,江苏,工业与信息化部,1,1,0,https://yz.chsi.com.cn/sch/schoolInfo--schId-368181.dhtml
368188,南京邮电大学,江苏,江苏省,1,0,0,https://yz.chsi.com.cn/sch/schoolInfo--schId-368188.dhtml
1865236958,南方科技大学,广东,广东省,1,0,0,https://yz.chsi.com.cn/sch/schoolInfo--schId-1865236958.dhtml
368259,南昌大学,江西,江西省,1,0,0,https://yz.chsi.com.cn/sch/schoolInfo--schId-368259.dhtml
368238,合肥工业大学,安徽,教育部,1,0,0,https://yz.chsi.com.cn/sch/schoolInfo--schId-368238.dhtml
368091,哈尔滨工程大学,黑龙江,工业与信息化部,1,1,0,https://yz.chsi.com.cn/sch/schoolInfo--schId-368091.dhtml
368486,四川农业大学,四川,四川省,1,0,0,https://yz.chsi.com.cn/sch/schoolInfo--schId-368486.dhtml
368388,国防科技大学,湖南,解放军,1,1,0,https://yz.chsi.com.cn/sch/schoolInfo--schId-368388.dhtml
367887,外交学院,北京,外交部,1,0,0,https://yz.chsi.com.cn/sch/schoolInfo--schId-367887.dhtml
368030,大连海事大学,辽宁,交通运输部,1,0,0,https://yz.chsi.com.cn/sch/schoolInfo--schId-368030.dhtml
367954,天津中医药大学,天津,天津市,1,0,0,https://yz.chsi.com.cn/sch/schoolInfo--schId-367954.dhtml
367938,天津医科大学,天津,天津市,1,0,0,https://yz.chsi.com.cn/sch/schoolInfo--schId-367938.dhtml
367948,天津工业大学,天津,天津市,1,0,0,https://yz.chsi.com.cn/sch/schoolInfo--schId-367948.dhtml
367994,太原理工大学,山西,山西省,1,0,0,https://yz.chsi.com.cn/sch/schoolInfo--schId-367994.dhtml
368602,宁夏大学,宁夏,宁夏回族自治区,1,0,0,https://yz.chsi.com.cn/sch/schoolInfo--schId-368602.dhtml
368207,宁波大学,浙江,浙江省,1,0,0,https://yz.chsi.com.cn/sch/schoolInfo--schId-368207.dhtml
368224,安徽大学,安徽,安徽省,1,0,0,https://yz.chsi.com.cn/sch/schoolInfo--schId-368224.dhtml
367897,对外经济贸易大学,北京,教育部,1,0,0,https://yz.chsi.com.cn/sch/schoolInfo--schId-367897.dhtml
367997,山西大学,山西,山西省,1,0,0,https://yz.chsi.com.cn/sch/schoolInfo--schId-367997.dhtml
368421,广州中医药大学,广东,广东省,1,0,0,https://yz.chsi.com.cn/sch/schoolInfo--schId-368421.dhtml
368419,广州医科大学,广东,广东省,1,0,0,https://yz.chsi.com.cn/sch/schoolInfo--schId-368419.dhtml
368436,广西大学,广西,广西壮族自治区,1,0,0,https://yz.chsi.com.cn/sch/schoolInfo--schId-368436.dhtml
368055,延边大学,吉林,吉林省,1,0,0,https://yz.chsi.com.cn/sch/schoolInfo--schId-368055.dhtml
368488,成都中医药大学,四川,四川省,1,0,0,https://yz.chsi.com.cn/sch/schoolInfo--schId-368488.dhtml
368481,成都理工大学,四川,四川省,1,0,0,https://yz.chsi.com.cn/sch/schoolInfo--schId-368481.dhtml
368613,新疆大学,新疆,新疆维吾尔自治区,1,0,0,https://yz.chsi.com.cn/sch/schoolInfo--schId-368613.dhtml
368414,暨南大学,广东,国务院侨务办公室,1,0,0,https://yz.chsi.com.cn/sch/schoolInfo--schId-368414.dhtml
368363,武汉理工大学,湖北,教育部,1,0,0,https://yz.chsi.com.cn/sch/schoolInfo--schId-368363.dhtml
368189,江南大学,江苏,教育部,1,0,0,https://yz.chsi.com.cn/sch/schoolInfo--schId-368189.dhtml
367972,河北工业大学,河北,河北省,1,0,0,https://yz.chsi.com.cn/sch/schoolInfo--schId-367972.dhtml
368325,河南大学,河南,河南省,1,0,0,https://yz.chsi.com.cn/sch/schoolInfo--schId-368325.dhtml
368177,河海大学,江苏,教育部,1,1,0,https://yz.chsi.com.cn/sch/schoolInfo--schId-368177.dhtml
368117,海军军医大学,上海,解放军,1,1,0,https://yz.chsi.com.cn/sch/schoolInfo--schId-368117.dhtml
368439,海南大学,海南,海南省,1,0,0,https://yz.chsi.com.cn/sch/schoolInfo--schId-368439.dhtml
368396,湖南师范大学,湖南,湖南省,1,0,0,https://yz.chsi.com.cn/sch/schoolInfo--schId-368396.dhtml
368395,湘潭大学,湖南,湖南省,1,0,0,https://yz.chsi.com.cn/sch/schoolInfo--schId-368395.dhtml
368610,石河子大学,新疆,新疆生产建设兵团,1,0,0,https://yz.chsi.com.cn/sch/schoolInfo--schId-368610.dhtml
368254,福州大学,福建,福建省,1,0,0,https://yz.chsi.com.cn/sch/schoolInfo--schId-368254.dhtml
368546,空军军医大学,陕西,解放军,1,1,0,https://yz.chsi.com.cn/sch/schoolInfo--schId-368546.dhtml
368179,苏州大学,江苏,江苏省,1,0,0,https://yz.chsi.com.cn/sch/schoolInfo--schId-368179.dhtml
368564,西北农林科技大学,陕西,教育部,1,1,0,https://yz.chsi.com.cn/sch/schoolInfo--schId-368564.dhtml
368552,西北大学,陕西,陕西省,1,0,0,https://yz.chsi.com.cn/sch/schoolInfo--schId-368552.dhtml
368494,西南交通大学,四川,教育部,1,1,0,https://yz.chsi.com.cn/sch/schoolInfo--schId-368494.dhtml
368457,西南大学,重庆,教育部,1,0,0,https://yz.chsi.com.cn/sch/schoolInfo--schId-368457.dhtml
368476,西南石油大学,四川,四川省,1,0,0,https://yz.chsi.com.cn/sch/schoolInfo--schId-368476.dhtml
368491,西南财经大学,四川,教育部,1,0,0,https://yz.chsi.com.cn/sch/schoolInfo--schId-368491.dhtml
368557,西安电子科技大学,陕西,教育部,1,1,0,https://yz.chsi.com.cn/sch/schoolInfo--schId-368557.dhtml
368521,西藏大学,西藏,西藏自治区,1,0,0,https://yz.chsi.com.cn/sch/schoolInfo--schId-368521.dhtml
368502,贵州大学,贵州,贵州省,1,0,0,https://yz.chsi.com.cn/sch/schoolInfo--schId-368502.dhtml
368032,辽宁大学,辽宁,辽宁省,1,0,0,https://yz.chsi.com.cn/sch/schoolInfo--schId-368032.dhtml
368317,郑州大学,河南,河南省,1,0,0,https://yz.chsi.com.cn/sch/schoolInfo--schId-368317.dhtml
368566,长安大学,陕西,教育部,1,0,0,https://yz.chsi.com.cn/sch/schoolInfo--schId-368566.dhtml
368568,陕西师范大学,陕西,教育部,1,0,0,https://yz.chsi.com.cn/sch/schoolInfo--schId-368568.dhtml
368600,青海大学,青海,青海省,1,0,0,https://yz.chsi.com.cn/sch/schoolInfo--schId-368600.dhtml
367860,首都师范大学,北京,北京市,1,0,0,https://yz.chsi.com.cn/sch/schoolInfo--schId-367860.dhtml
2807891911,三亚学院,海南,海南省,0,0,0,https://yz.chsi.com.cn/sch/schoolInfo--schId-2807891911.dhtml
368366,三峡大学,湖北,湖北省,0,0,0,https://yz.chsi.com.cn/sch/schoolInfo--schId-368366.dhtml
3274414024,三明学院,福建,福建省,0,0,0,https://yz.chsi.com.cn/sch/schoolInfo--schId-3274414024.dhtml
368099,上海化工研究院,上海,上海市,0,0,0,https://yz.chsi.com.cn/sch/schoolInfo--schId-368099.dhtml
2807891793,上海商学院,上海,上海市,0,0,0,https://yz.chsi.com.cn/sch/schoolInfo--schId-2807891793.dhtml
219711506,上海国家会计学院,上海,财政部,0,0,0,https://yz.chsi.com.cn/sch/schoolInfo--schId-219711506.dhtml
368120,上海国际问题研究院,上海,上海市,0,0,0,https://yz.chsi.com.cn/sch/schoolInfo--schId-368120.dhtml
368151,上海对外经贸大学,上海,上海市,0,0,0,https://yz.chsi.com.cn/sch/schoolInfo--schId-368151.dhtml
677369,上海工程技术大学,上海,上海市,0,0,0,https://yz.chsi.com.cn/sch/schoolInfo--schId-677369.dhtml
368138,上海师范大学,上海,上海市,0,0,0,https://yz.chsi.com.cn/sch/schoolInfo--schId-368138.dhtml
368108,上海应用技术大学,上海,上海市,0,0,0,https://yz.chsi.com.cn/sch/schoolInfo--schId-368108.dhtml
368147,上海戏剧学院,上海,上海市,0,0,0,https://yz.chsi.com.cn/sch/schoolInfo--schId-368147.dhtml
230242352,上海政法学院,上海,上海市,0,0,0,https://yz.chsi.com.cn/sch/schoolInfo--schId-230242352.dhtml
3274440862,上海杉达学院,上海,上海市,0,0,0,https://yz.chsi.com.cn/sch/schoolInfo--schId-3274440862.dhtml
368104,上海核工程研究设计院,上海,工业与信息化部,0,0,0,https://yz.chsi.com.cn/sch/schoolInfo--schId-368104.dhtml
368126,上海海事大学,上海,上海市,0,0,0,https://yz.chsi.com.cn/sch/schoolInfo--schId-368126.dhtml
499721196,上海海关学院,上海,海关总署,0,0,0,https://yz.chsi.com.cn/sch/schoolInfo--schId-499721196.dhtml
368131,上海理工大学,上海,上海市,0,0,0,https://yz.chsi.com.cn/sch/schoolInfo--schId-368131.dhtml
368114,上海生物制品研究所,上海,中国医药集团总公司,0,0,0,https://yz.chsi.com.cn/sch/schoolInfo--schId-368114.dhtml
677380,上海电力大学,上海,上海市,0,0,0,https://yz.chsi.com.cn/sch/schoolInfo--schId-677380.dhtml
302974869,上海电机学院,上海,上海市,0,0,0,https://yz.chsi.com.cn/sch/schoolInfo--schId-302974869.dhtml
368121,上海社会科学院,上海,上海市,0,0,0,https://yz.chsi.com.cn/sch/schoolInfo--schId-368121.dhtml
302969621,上海立信会计金融学院,上海,上海市,0,0,0,https://yz.chsi.com.cn/sch/schoolInfo--schId-302969621.dhtml
302981368,上海第二工业大学,上海,上海市,0,0,0,https://yz.chsi.com.cn/sch/schoolInfo--schId-302981368.dhtml
368101,上海航天技术研究院,上海,工业与信息化部,0,0,0,https://yz.chsi.com.cn/sch/schoolInfo--schId-368101.dhtml
368112,上海船舶运输科学研究所,上海,交通运输部,0,0,0,https://yz.chsi.com.cn/sch/schoolInfo--schId-368112.dhtml
3274412490,上饶师范学院,江西,江西省,0,0,0,https://yz.chsi.com.cn/sch/schoolInfo--schId-3274412490.dhtml
368067,东北电力大学,吉林,吉林省,0,0,0,https://yz.chsi.com.cn/sch/schoolInfo--schId-368067.dhtml
368093,东北石油大学,黑龙江,黑龙江省,0,0,0,https://yz.chsi.com.cn/sch/schoolInfo--schId-368093.dhtml
368015,东北财经大学,辽宁,辽宁省,0,0,0,https://yz.chsi.com.cn/sch/schoolInfo--schId-368015.dhtml
368266,东华理工大学,江西,江西省,0,0,0,https://yz.chsi.com.cn/sch/schoolInfo--schId-368266.dhtml
2124439800,东莞理工学院,广东,广东省,0,0,0,https://yz.chsi.com.cn/sch/schoolInfo--schId-2124439800.dhtml
368122,中共上海市委党校,上海,上海市,0,0,0,https://yz.chsi.com.cn/sch/schoolInfo--schId-368122.dhtml
367928,中共中央党校(国家行政学院),北京,中央党校,0,0,0,https://yz.chsi.com.cn/sch/schoolInfo--schId-367928.dhtml
367845,中共北京市委党校,北京,北京市,0,0,0,https://yz.chsi.com.cn/sch/schoolInfo--schId-367845.dhtml
368072,中共吉林省委党校(吉林省行政学院),吉林,吉林省,0,0,0,https://yz.chsi.com.cn/sch/schoolInfo--schId-368072.dhtml
368471,中共四川省委党校,四川,四川省,0,0,0,https://yz.chsi.com.cn/sch/schoolInfo--schId-368471.dhtml
368283,中共山东省委党校,山东,山东省,0,0,0,https://yz.chsi.com.cn/sch/schoolInfo--schId-368283.dhtml
368407,中共广东省委党校,广东,广东省,0,0,0,https://yz.chsi.com.cn/sch/schoolInfo--schId-368407.dhtml
368176,中共江苏省委党校,江苏,江苏省,0,0,0,https://yz.chsi.com.cn/sch/schoolInfo--schId-368176.dhtml
368204,中共浙江省委党校,浙江,浙江省,0,0,0,https://yz.chsi.com.cn/sch/schoolInfo--schId-368204.dhtml
368346,中共湖北省委党校,湖北,湖北省,0,0,0,https://yz.chsi.com.cn/sch/schoolInfo--schId-368346.dhtml
368381,中共湖南省委党校,湖南,湖南省,0,0,0,https://yz.chsi.com.cn/sch/schoolInfo--schId-368381.dhtml
368026,中共辽宁省委党校,辽宁,辽宁省,0,0,0,https://yz.chsi.com.cn/sch/schoolInfo--schId-368026.dhtml
368444,中共重庆市委党校,重庆,重庆市,0,0,0,https://yz.chsi.com.cn/sch/schoolInfo--schId-368444.dhtml
368543,中共陕西省委党校,陕西,陕西省,0,0,0,https://yz.chsi.com.cn/sch/schoolInfo--schId-368543.dhtml
368076,中共黑龙江省委党校,黑龙江,黑龙江省,0,0,0,https://yz.chsi.com.cn/sch/schoolInfo--schId-368076.dhtml
367908,中冶集团建筑研究总院,北京,北京市,0,0,0,https://yz.chsi.com.cn/sch/schoolInfo--schId-367908.dhtml
367995,中北大学,山西,山西省,0,0,0,https://yz.chsi.com.cn/sch/schoolInfo--schId-367995.dhtml
499721515,中华女子学院,北京,中华全国妇女联合会,0,0,0,https://yz.chsi.com.cn/sch/schoolInfo--schId-499721515.dhtml
368391,中南林业科技大学,湖南,湖南省,0,0,0,https://yz.chsi.com.cn/sch/schoolInfo--schId-368391.dhtml
368373,中南民族大学,湖北,国家民族事务委员会,0,0,0,https://yz.chsi.com.cn/sch/schoolInfo--schId-368373.dhtml
368321,中原工学院,河南,河南省,0,0,0,https://yz.chsi.com.cn/sch/schoolInfo--schId-368321.dhtml
367792,中国中医科学院,北京,国家中医药管理局,0,0,0,https://yz.chsi.com.cn/sch/schoolInfo--schId-367792.dhtml
367974,中国人民警察大学,河北,公安部,0,0,0,https://yz.chsi.com.cn/sch/schoolInfo--schId-367974.dhtml
3274440427,中国兵器科学研究院,北京,工业与信息化部,0,0,0,https://yz.chsi.com.cn/sch/schoolInfo--schId-3274440427.dhtml
367989,中国兵器科学研究院(中国北方自动控制技术研究所),山西,工业与信息化部,0,0,0,https://yz.chsi.com.cn/sch/schoolInfo--schId-367989.dhtml
367809,中国兵器科学研究院(中国北方车辆研究所),北京,工业与信息化部,0,0,0,https://yz.chsi.com.cn/sch/schoolInfo--schId-367809.dhtml
368000,中国兵器科学研究院(内蒙古金属材料研究所),内蒙古,工业与信息化部,0,0,0,https://yz.chsi.com.cn/sch/schoolInfo--schId-368000.dhtml
368469,中国兵器科学研究院(西南自动化研究所),四川,工业与信息化部,0,0,0,https://yz.chsi.com.cn/sch/schoolInfo--schId-368469.dhtml
368531,中国兵器科学研究院(西安应用光学研究所),陕西,工业与信息化部,0,0,0,https://yz.chsi.com.cn/sch/schoolInfo--schId-368531.dhtml
368530,中国兵器科学研究院(西安机电信息研究所),陕西,工业与信息化部,0,0,0,https://yz.chsi.com.cn/sch/schoolInfo--schId-368530.dhtml
368526,中国兵器科学研究院(西安电子工程研究所),陕西,工业与信息化部,0,0,0,https://yz.chsi.com.cn/sch/schoolInfo--schId-368526.dhtml
368537,中国兵器科学研究院(西安近代化学研究所),陕西,工业与信息化部,0,0,0,https://yz.chsi.com.cn/sch/schoolInfo--schId-368537.dhtml
368529,中国兵器科学研究院(陕西应用物理化学研究所),陕西,工业与信息化部,0,0,0,https://yz.chsi.com.cn/sch/schoolInfo--schId-368529.dhtml
368528,中国兵器科学研究院(陕西机械电器研究所),陕西,工业与信息化部,0,0,0,https://yz.chsi.com.cn/sch/schoolInfo--schId-368528.dhtml
368527,中国兵器科学研究院(陕西青华机电研究所),陕西,工业与信息化部,0,0,0,https://yz.chsi.com.cn/sch/schoolInfo--schId-368527.dhtml
367898,中国兽医药品监察所,北京,农业农村部,0,0,0,https://yz.chsi.com.cn/sch/schoolInfo--schId-367898.dhtml
367913,中国农业机械化科学研究院,北京,北京市,0,0,0,https://yz.chsi.com.cn/sch/schoolInfo--schId-367913.dhtml
367905,中国农业科学院,北京,农业农村部,0,0,0,https://yz.chsi.com.cn/sch/schoolInfo--schId-367905.dhtml
368007,中国刑事警察学院,辽宁,公安部,0,0,0,https://yz.chsi.com.cn/sch/schoolInfo--schId-368007.dhtml
367780,中国制浆造纸研究院,北京,北京市,0,0,0,https://yz.chsi.com.cn/sch/schoolInfo--schId-367780.dhtml
499721412,中国劳动关系学院,北京,中华全国总工会,0,0,0,https://yz.chsi.com.cn/sch/schoolInfo--schId-499721412.dhtml
368048,中国医科大学,辽宁,辽宁省,0,0,0,https://yz.chsi.com.cn/sch/schoolInfo--schId-368048.dhtml
368115,中国医药工业研究总院,上海,转制科研单位,0,0,0,https://yz.chsi.com.cn/sch/schoolInfo--schId-368115.dhtml
367850,中国原子能科学研究院,北京,工业与信息化部,0,0,0,https://yz.chsi.com.cn/sch/schoolInfo--schId-367850.dhtml
367906,中国地质科学院,北京,自然资源部,0,0,0,https://yz.chsi.com.cn/sch/schoolInfo--schId-367906.dhtml
368580,中国地震局兰州地震研究所,甘肃,中国地震局,0,0,0,https://yz.chsi.com.cn/sch/schoolInfo--schId-368580.dhtml
367841,中国地震局地球物理研究所,北京,中国地震局,0,0,0,https://yz.chsi.com.cn/sch/schoolInfo--schId-367841.dhtml
367842,中国地震局地质研究所,北京,中国地震局,0,0,0,https://yz.chsi.com.cn/sch/schoolInfo--schId-367842.dhtml
368329,中国地震局地震研究所,湖北,中国地震局,0,0,0,https://yz.chsi.com.cn/sch/schoolInfo--schId-368329.dhtml
367843,中国地震局地震预测研究所,北京,中国地震局,0,0,0,https://yz.chsi.com.cn/sch/schoolInfo--schId-367843.dhtml
368085,中国地震局工程力学研究所,黑龙江,中国地震局,0,0,0,https://yz.chsi.com.cn/sch/schoolInfo--schId-368085.dhtml
367903,中国城市规划设计研究院,北京,住房和城乡建设部,0,0,0,https://yz.chsi.com.cn/sch/schoolInfo--schId-367903.dhtml
367848,中国工程物理研究院,北京,中国工程物理研究院,0,0,0,https://yz.chsi.com.cn/sch/schoolInfo--schId-367848.dhtml
367838,中国建筑材料科学研究总院,北京,北京市,0,0,0,https://yz.chsi.com.cn/sch/schoolInfo--schId-367838.dhtml
367902,中国建筑科学研究院,北京,北京市,0,0,0,https://yz.chsi.com.cn/sch/schoolInfo--schId-367902.dhtml
367904,中国建筑设计研究院,北京,北京市,0,0,0,https://yz.chsi.com.cn/sch/schoolInfo--schId-367904.dhtml
367915,中国戏曲学院,北京,北京市,0,0,0,https://yz.chsi.com.cn/sch/schoolInfo--schId-367915.dhtml
367986,中国日用化学工业研究院,山西,转制科研单位,0,0,0,https://yz.chsi.com.cn/sch/schoolInfo--schId-367986.dhtml
367899,中国林业科学研究院,北京,国家林业和草原局,0,0,0,https://yz.chsi.com.cn/sch/schoolInfo--schId-367899.dhtml
368464,中国核动力研究设计院,四川,工业与信息化部,0,0,0,https://yz.chsi.com.cn/sch/schoolInfo--schId-368464.dhtml
678447,中国民用航空飞行学院,四川,中国民用航空总局,0,0,0,https://yz.chsi.com.cn/sch/schoolInfo--schId-678447.dhtml
367953,中国民航大学,天津,中国民用航空局,0,0,0,https://yz.chsi.com.cn/sch/schoolInfo--schId-367953.dhtml
367839,中国气象科学研究院,北京,中国气象局,0,0,0,https://yz.chsi.com.cn/sch/schoolInfo--schId-367839.dhtml
367900,中国水利水电科学研究院,北京,水利部,0,0,0,https://yz.chsi.com.cn/sch/schoolInfo--schId-367900.dhtml
367846,中国测绘科学研究院,北京,自然资源部,0,0,0,https://yz.chsi.com.cn/sch/schoolInfo--schId-367846.dhtml
368314,中国烟草总公司郑州烟草研究院,河南,国家烟草专卖局,0,0,0,https://yz.chsi.com.cn/sch/schoolInfo--schId-368314.dhtml
367907,中国环境科学研究院,北京,生态环境部,0,0,0,https://yz.chsi.com.cn/sch/schoolInfo--schId-367907.dhtml
367901,中国电力科学研究院,北京,国家电网公司,0,0,0,https://yz.chsi.com.cn/sch/schoolInfo--schId-367901.dhtml
683178,中国电子科技集团有限公司研究生院,北京,中国电子科技集团公司,0,1,0,https://yz.chsi.com.cn/sch/schoolInfo--schId-683178.dhtml
679519,中国电影艺术研究中心,北京,中宣部,0,0,0,https://yz.chsi.com.cn/sch/schoolInfo--schId-679519.dhtml
367796,中国疾病预防控制中心,北京,国家卫生健康委员会,0,0,0,https://yz.chsi.com.cn/sch/schoolInfo--schId-367796.dhtml
367930,中国社会科学院大学,北京,中国社会科学院,0,0,0,https://yz.chsi.com.cn/sch/schoolInfo--schId-367930.dhtml
367931,中国科学技术信息研究所,北京,科学技术部,0,0,0,https://yz.chsi.com.cn/sch/schoolInfo--schId-367931.dhtml
367815,中国空间技术研究院,北京,工业与信息化部,0,0,0,https://yz.chsi.com.cn/sch/schoolInfo--schId-367815.dhtml
367814,中国航天科工集团第三研究院,北京,工业与信息化部,0,0,0,https://yz.chsi.com.cn/sch/schoolInfo--schId-367814.dhtml
367942,中国航天科工集团第三研究院(8358所),天津,工业与信息化部,0,0,0,https://yz.chsi.com.cn/sch/schoolInfo--schId-367942.dhtml
367812,中国航天科工集团第二研究院,北京,工业与信息化部,0,0,0,https://yz.chsi.com.cn/sch/schoolInfo--schId-367812.dhtml
368525,中国航天科工集团第二研究院(16所),陕西,工业与信息化部,0,0,0,https://yz.chsi.com.cn/sch/schoolInfo--schId-368525.dhtml
367813,中国航天科工集团第二研究院(710所),北京,工业与信息化部,0,0,0,https://yz.chsi.com.cn/sch/schoolInfo--schId-367813.dhtml
368496,中国航天科工集团第十研究院,贵州,工业与信息化部,0,0,0,https://yz.chsi.com.cn/sch/schoolInfo--schId-368496.dhtml
368538,中国航天科技集团公司第五研究院(504所),陕西,工业与信息化部,0,0,0,https://yz.chsi.com.cn/sch/schoolInfo--schId-368538.dhtml
368582,中国航天科技集团公司第五研究院(510所),甘肃,工业与信息化部,0,0,0,https://yz.chsi.com.cn/sch/schoolInfo--schId-368582.dhtml
367807,中国航天空气动力技术研究院,北京,工业与信息化部,0,0,0,https://yz.chsi.com.cn/sch/schoolInfo--schId-367807.dhtml
367801,中国航空工业规划设计研究院,北京,工业与信息化部,0,0,0,https://yz.chsi.com.cn/sch/schoolInfo--schId-367801.dhtml
679452,中国航空研究院,北京,工业与信息化部,0,0,0,https://yz.chsi.com.cn/sch/schoolInfo--schId-679452.dhtml
50084393,中国舰船研究院,北京,工业与信息化部,0,0,0,https://yz.chsi.com.cn/sch/schoolInfo--schId-50084393.dhtml
367790,中国艺术研究院,北京,文化和旅游部,0,0,0,https://yz.chsi.com.cn/sch/schoolInfo--schId-367790.dhtml
368205,中国计量大学,浙江,浙江省,0,0,0,https://yz.chsi.com.cn/sch/schoolInfo--schId-368205.dhtml
367856,中国计量科学研究院,北京,国家市场监督管理总局,0,0,0,https://yz.chsi.com.cn/sch/schoolInfo--schId-367856.dhtml
367933,中国财政科学研究院,北京,财政部,0,0,0,https://yz.chsi.com.cn/sch/schoolInfo--schId-367933.dhtml
367990,中国辐射防护研究院,山西,工业与信息化部,0,0,0,https://yz.chsi.com.cn/sch/schoolInfo--schId-367990.dhtml
367811,中国运载火箭技术研究院,北京,工业与信息化部,0,0,0,https://yz.chsi.com.cn/sch/schoolInfo--schId-367811.dhtml
367787,中国铁道科学研究院,北京,中国铁路总公司,0,0,0,https://yz.chsi.com.cn/sch/schoolInfo--schId-367787.dhtml
367926,中国青年政治学院,北京,中国共产主义青年团中央,0,0,0,https://yz.chsi.com.cn/sch/schoolInfo--schId-367926.dhtml
367785,中国食品发酵工业研究院,北京,北京市,0,0,0,https://yz.chsi.com.cn/sch/schoolInfo--schId-367785.dhtml
367779,中国食品药品检定研究院,北京,国家市场监督管理总局,0,0,0,https://yz.chsi.com.cn/sch/schoolInfo--schId-367779.dhtml
499721040,中央司法警官学院,河北,司法部,0,0,0,https://yz.chsi.com.cn/sch/schoolInfo--schId-499721040.dhtml
3092428604,中央社会主义学院,北京,中央统战部,0,0,0,https://yz.chsi.com.cn/sch/schoolInfo--schId-3092428604.dhtml
367816,中日友好临床医学研究所,北京,国家卫生健康委员会,0,0,0,https://yz.chsi.com.cn/sch/schoolInfo--schId-367816.dhtml
2124775747,临沂大学,山东,山东省,0,0,0,https://yz.chsi.com.cn/sch/schoolInfo--schId-2124775747.dhtml
2807890957,丽水学院,浙江,浙江省,0,0,0,https://yz.chsi.com.cn/sch/schoolInfo--schId-2807890957.dhtml
3274440926,乐山师范学院,四川,四川省,0,0,0,https://yz.chsi.com.cn/sch/schoolInfo--schId-3274440926.dhtml
3274440799,九江学院,江西,江西省,0,0,0,https://yz.chsi.com.cn/sch/schoolInfo--schId-3274440799.dhtml
368513,云南中医药大学,云南,云南省,0,0,0,https://yz.chsi.com.cn/sch/schoolInfo--schId-368513.dhtml
368517,云南农业大学,云南,云南省,0,0,0,https://yz.chsi.com.cn/sch/schoolInfo--schId-368517.dhtml
368518,云南师范大学,云南,云南省,0,0,0,https://yz.chsi.com.cn/sch/schoolInfo--schId-368518.dhtml
368510,云南民族大学,云南,云南省,0,0,0,https://yz.chsi.com.cn/sch/schoolInfo--schId-368510.dhtml
368504,云南艺术学院,云南,云南省,0,0,0,https://yz.chsi.com.cn/sch/schoolInfo--schId-368504.dhtml
499721975,云南警官学院,云南,云南省,0,0,0,https://yz.chsi.com.cn/sch/schoolInfo--schId-499721975.dhtml
368511,云南财经大学,云南,云南省,0,0,0,https://yz.chsi.com.cn/sch/schoolInfo--schId-368511.dhtml
368408,五邑大学,广东,广东省,0,0,0,https://yz.chsi.com.cn/sch/schoolInfo--schId-368408.dhtml
302962123,井冈山大学,江西,江西省,0,0,0,https://yz.chsi.com.cn/sch/schoolInfo--schId-302962123.dhtml
367788,交通运输部公路科学研究所,北京,交通运输部,0,0,0,https://yz.chsi.com.cn/sch/schoolInfo--schId-367788.dhtml
679050,仲恺农业工程学院,广东,广东省,0,0,0,https://yz.chsi.com.cn/sch/schoolInfo--schId-679050.dhtml
678715,伊犁师范大学,新疆,新疆维吾尔自治区,0,0,0,https://yz.chsi.com.cn/sch/schoolInfo--schId-678715.dhtml
688910014,佛山大学,广东,广东省,0,0,0,https://yz.chsi.com.cn/sch/schoolInfo--schId-688910014.dhtml
368095,佳木斯大学,黑龙江,黑龙江省,0,0,0,https://yz.chsi.com.cn/sch/schoolInfo--schId-368095.dhtml
3416382837,信息支援部队工程大学,湖北,解放军,0,0,0,https://yz.chsi.com.cn/sch/schoolInfo--schId-3416382837.dhtml
368313,信阳师范大学,河南,河南省,0,0,0,https://yz.chsi.com.cn/sch/schoolInfo--schId-368313.dhtml
368589,兰州交通大学,甘肃,甘肃省,0,0,0,https://yz.chsi.com.cn/sch/schoolInfo--schId-368589.dhtml
3274413379,兰州城市学院,甘肃,甘肃省,0,0,0,https://yz.chsi.com.cn/sch/schoolInfo--schId-3274413379.dhtml
368588,兰州理工大学,甘肃,甘肃省,0,0,0,https://yz.chsi.com.cn/sch/schoolInfo--schId-368588.dhtml
368586,兰州生物制品研究所,甘肃,中国生物制品总公司,0,0,0,https://yz.chsi.com.cn/sch/schoolInfo--schId-368586.dhtml
368594,兰州财经大学,甘肃,甘肃省,0,0,0,https://yz.chsi.com.cn/sch/schoolInfo--schId-368594.dhtml
3274440987,内江师范学院,四川,四川省,0,0,0,https://yz.chsi.com.cn/sch/schoolInfo--schId-3274440987.dhtml
368003,内蒙古农业大学,内蒙古,内蒙古自治区,0,0,0,https://yz.chsi.com.cn/sch/schoolInfo--schId-368003.dhtml
368002,内蒙古医科大学,内蒙古,内蒙古自治区,0,0,0,https://yz.chsi.com.cn/sch/schoolInfo--schId-368002.dhtml
368004,内蒙古工业大学,内蒙古,内蒙古自治区,0,0,0,https://yz.chsi.com.cn/sch/schoolInfo--schId-368004.dhtml
367999,内蒙古师范大学,内蒙古,内蒙古自治区,0,0,0,https://yz.chsi.com.cn/sch/schoolInfo--schId-367999.dhtml
368006,内蒙古民族大学,内蒙古,内蒙古自治区,0,0,0,https://yz.chsi.com.cn/sch/schoolInfo--schId-368006.dhtml
368001,内蒙古科技大学,内蒙古,内蒙古自治区,0,0,0,https://yz.chsi.com.cn/sch/schoolInfo--schId-368001.dhtml
2311267403,内蒙古艺术学院,内蒙古,内蒙古自治区,0,0,0,https://yz.chsi.com.cn/sch/schoolInfo--schId-2311267403.dhtml
677501,内蒙古财经大学,内蒙古,内蒙古自治区,0,0,0,https://yz.chsi.com.cn/sch/schoolInfo--schId-677501.dhtml
367817,军事科学院,北京,解放军,0,0,0,https://yz.chsi.com.cn/sch/schoolInfo--schId-367817.dhtml
367824,军事航天部队航天工程大学,北京,解放军,0,0,0,https://yz.chsi.com.cn/sch/schoolInfo--schId-367824.dhtml
367909,冶金自动化研究院,北京,北京市,0,0,0,https://yz.chsi.com.cn/sch/schoolInfo--schId-367909.dhtml
368581,化工机械及自动化研究设计院,甘肃,甘肃省,0,0,0,https://yz.chsi.com.cn/sch/schoolInfo--schId-368581.dhtml
367922,北京信息科技大学,北京,北京市,0,0,0,https://yz.chsi.com.cn/sch/schoolInfo--schId-367922.dhtml
367894,北京农学院,北京,北京市,0,0,0,https://yz.chsi.com.cn/sch/schoolInfo--schId-367894.dhtml
367782,北京化工研究院,北京,中国石油化工集团有限公司,0,0,0,https://yz.chsi.com.cn/sch/schoolInfo--schId-367782.dhtml
367891,北京印刷学院,北京,北京市,0,0,0,https://yz.chsi.com.cn/sch/schoolInfo--schId-367891.dhtml
219704506,北京国家会计学院,北京,财政部,0,0,0,https://yz.chsi.com.cn/sch/schoolInfo--schId-219704506.dhtml
302973928,北京城市学院,北京,北京市,0,0,0,https://yz.chsi.com.cn/sch/schoolInfo--schId-302973928.dhtml
367888,北京工商大学,北京,北京市,0,0,0,https://yz.chsi.com.cn/sch/schoolInfo--schId-367888.dhtml
367855,北京市创伤骨科研究所,北京,北京市,0,0,0,https://yz.chsi.com.cn/sch/schoolInfo--schId-367855.dhtml
367852,北京市心肺血管疾病研究所,北京,北京市,0,0,0,https://yz.chsi.com.cn/sch/schoolInfo--schId-367852.dhtml
367851,北京市生态环境保护科学研究院,北京,北京市,0,0,0,https://yz.chsi.com.cn/sch/schoolInfo--schId-367851.dhtml
367803,北京市科学技术研究院城市安全与环境科学研究所,北京,北京市,0,0,0,https://yz.chsi.com.cn/sch/schoolInfo--schId-367803.dhtml
367784,北京市科学技术研究院资源环境研究所,北京,北京市,0,0,0,https://yz.chsi.com.cn/sch/schoolInfo--schId-367784.dhtml
367854,北京市结核病胸部肿瘤研究所,北京,北京市,0,0,0,https://yz.chsi.com.cn/sch/schoolInfo--schId-367854.dhtml
367892,北京建筑大学,北京,北京市,0,0,0,https://yz.chsi.com.cn/sch/schoolInfo--schId-367892.dhtml
367849,北京有色金属研究总院,北京,北京市,0,0,0,https://yz.chsi.com.cn/sch/schoolInfo--schId-367849.dhtml
367889,北京服装学院,北京,北京市,0,0,0,https://yz.chsi.com.cn/sch/schoolInfo--schId-367889.dhtml
367783,北京橡胶工业研究设计院,北京,北京市,0,0,0,https://yz.chsi.com.cn/sch/schoolInfo--schId-367783.dhtml
367868,北京物资学院,北京,北京市,0,0,0,https://yz.chsi.com.cn/sch/schoolInfo--schId-367868.dhtml
367793,北京生物制品研究所,北京,中国医药集团总公司,0,0,0,https://yz.chsi.com.cn/sch/schoolInfo--schId-367793.dhtml
302960684,北京电子科技学院,北京,中央办公厅,0,0,0,https://yz.chsi.com.cn/sch/schoolInfo--schId-302960684.dhtml
367924,北京电影学院,北京,北京市,0,0,0,https://yz.chsi.com.cn/sch/schoolInfo--schId-367924.dhtml
302960377,北京石油化工学院,北京,北京市,0,0,0,https://yz.chsi.com.cn/sch/schoolInfo--schId-302960377.dhtml
367818,北京矿冶研究总院,北京,北京市,0,0,0,https://yz.chsi.com.cn/sch/schoolInfo--schId-367818.dhtml
367863,北京第二外国语学院,北京,北京市,0,0,0,https://yz.chsi.com.cn/sch/schoolInfo--schId-367863.dhtml
679184,北京联合大学,北京,北京市,0,0,0,https://yz.chsi.com.cn/sch/schoolInfo--schId-679184.dhtml
367919,北京舞蹈学院,北京,北京市,0,0,0,https://yz.chsi.com.cn/sch/schoolInfo--schId-367919.dhtml
367864,北京语言大学,北京,教育部,0,0,0,https://yz.chsi.com.cn/sch/schoolInfo--schId-367864.dhtml
368066,北华大学,吉林,吉林省,0,0,0,https://yz.chsi.com.cn/sch/schoolInfo--schId-368066.dhtml
302980326,北华航天工业学院,河北,河北省,0,0,0,https://yz.chsi.com.cn/sch/schoolInfo--schId-302980326.dhtml
367886,北方工业大学,北京,北京市,0,0,0,https://yz.chsi.com.cn/sch/schoolInfo--schId-367886.dhtml
368604,北方民族大学,宁夏,国家民族事务委员会,0,0,0,https://yz.chsi.com.cn/sch/schoolInfo--schId-368604.dhtml
2118360154,北部湾大学,广西,广西壮族自治区,0,0,0,https://yz.chsi.com.cn/sch/schoolInfo--schId-2118360154.dhtml
368267,华东交通大学,江西,江西省,0,0,0,https://yz.chsi.com.cn/sch/schoolInfo--schId-368267.dhtml
368150,华东政法大学,上海,上海市,0,0,0,https://yz.chsi.com.cn/sch/schoolInfo--schId-368150.dhtml
368255,华侨大学,福建,中央统战部,0,0,0,https://yz.chsi.com.cn/sch/schoolInfo--schId-368255.dhtml
368315,华北水利水电大学,河南,河南省,0,0,0,https://yz.chsi.com.cn/sch/schoolInfo--schId-368315.dhtml
367978,华北理工大学,河北,河北省,0,0,0,https://yz.chsi.com.cn/sch/schoolInfo--schId-367978.dhtml
367805,华北计算机系统工程研究所,北京,工业与信息化部,0,0,0,https://yz.chsi.com.cn/sch/schoolInfo--schId-367805.dhtml
368178,南京体育学院,江苏,江苏省,0,0,0,https://yz.chsi.com.cn/sch/schoolInfo--schId-368178.dhtml
302973180,南京审计大学,江苏,江苏省,0,0,0,https://yz.chsi.com.cn/sch/schoolInfo--schId-302973180.dhtml
368185,南京工业大学,江苏,江苏省,0,0,0,https://yz.chsi.com.cn/sch/schoolInfo--schId-368185.dhtml
302972979,南京工程学院,江苏,江苏省,0,0,0,https://yz.chsi.com.cn/sch/schoolInfo--schId-302972979.dhtml
3274414158,南京晓庄学院,江苏,江苏省,0,0,0,https://yz.chsi.com.cn/sch/schoolInfo--schId-3274414158.dhtml
368153,南京水利科学研究院,江苏,水利部,0,0,0,https://yz.chsi.com.cn/sch/schoolInfo--schId-368153.dhtml
368167,南京艺术学院,江苏,江苏省,0,0,0,https://yz.chsi.com.cn/sch/schoolInfo--schId-368167.dhtml
3416382259,南京警察学院,江苏,江苏省,0,0,0,https://yz.chsi.com.cn/sch/schoolInfo--schId-3416382259.dhtml
368191,南京财经大学,江苏,江苏省,0,0,0,https://yz.chsi.com.cn/sch/schoolInfo--schId-368191.dhtml
368390,南华大学,湖南,湖南省,0,0,0,https://yz.chsi.com.cn/sch/schoolInfo--schId-368390.dhtml
368432,南宁师范大学,广西,广西壮族自治区,0,0,0,https://yz.chsi.com.cn/sch/schoolInfo--schId-368432.dhtml
368409,南方医科大学,广东,广东省,0,0,0,https://yz.chsi.com.cn/sch/schoolInfo--schId-368409.dhtml
368265,南昌航空大学,江西,江西省,0,0,0,https://yz.chsi.com.cn/sch/schoolInfo--schId-368265.dhtml
368197,南通大学,江苏,江苏省,0,0,0,https://yz.chsi.com.cn/sch/schoolInfo--schId-368197.dhtml
302965003,南阳师范学院,河南,河南省,0,0,0,https://yz.chsi.com.cn/sch/schoolInfo--schId-302965003.dhtml
219711693,厦门国家会计学院,福建,财政部,0,0,0,https://yz.chsi.com.cn/sch/schoolInfo--schId-219711693.dhtml
302972497,厦门理工学院,福建,福建省,0,0,0,https://yz.chsi.com.cn/sch/schoolInfo--schId-302972497.dhtml
2807890898,台州学院,浙江,浙江省,0,0,0,https://yz.chsi.com.cn/sch/schoolInfo--schId-2807890898.dhtml
688909247,右江民族医学院,广西,广西壮族自治区,0,0,0,https://yz.chsi.com.cn/sch/schoolInfo--schId-688909247.dhtml
302972195,合肥大学,安徽,安徽省,0,0,0,https://yz.chsi.com.cn/sch/schoolInfo--schId-302972195.dhtml
302982619,合肥师范学院,安徽,安徽省,0,0,0,https://yz.chsi.com.cn/sch/schoolInfo--schId-302982619.dhtml
677710,吉林体育学院,吉林,吉林省,0,0,0,https://yz.chsi.com.cn/sch/schoolInfo--schId-677710.dhtml
368061,吉林农业大学,吉林,吉林省,0,0,0,https://yz.chsi.com.cn/sch/schoolInfo--schId-368061.dhtml
688908505,吉林化工大学,吉林,吉林省,0,0,0,https://yz.chsi.com.cn/sch/schoolInfo--schId-688908505.dhtml
302969307,吉林外国语大学,吉林,吉林省,0,0,0,https://yz.chsi.com.cn/sch/schoolInfo--schId-302969307.dhtml
2807891311,吉林工程技术师范学院,吉林,吉林省,0,0,0,https://yz.chsi.com.cn/sch/schoolInfo--schId-2807891311.dhtml
368058,吉林师范大学,吉林,吉林省,0,0,0,https://yz.chsi.com.cn/sch/schoolInfo--schId-368058.dhtml
368062,吉林建筑大学,吉林,吉林省,0,0,0,https://yz.chsi.com.cn/sch/schoolInfo--schId-368062.dhtml
368075,吉林艺术学院,吉林,吉林省,0,0,0,https://yz.chsi.com.cn/sch/schoolInfo--schId-368075.dhtml
368057,吉林财经大学,吉林,吉林省,0,0,0,https://yz.chsi.com.cn/sch/schoolInfo--schId-368057.dhtml
368394,吉首大学,湖南,湖南省,0,0,0,https://yz.chsi.com.cn/sch/schoolInfo--schId-368394.dhtml
2807892094,呼伦贝尔学院,内蒙古,内蒙古自治区,0,0,0,https://yz.chsi.com.cn/sch/schoolInfo--schId-2807892094.dhtml
3416382078,呼和浩特民族学院,内蒙古,内蒙古自治区,0,0,0,https://yz.chsi.com.cn/sch/schoolInfo--schId-3416382078.dhtml
3274413300,咸阳师范学院,陕西,陕西省,0,0,0,https://yz.chsi.com.cn/sch/schoolInfo--schId-3274413300.dhtml
677844,哈尔滨体育学院,黑龙江,黑龙江省,0,0,0,https://yz.chsi.com.cn/sch/schoolInfo--schId-677844.dhtml
368089,哈尔滨医科大学,黑龙江,黑龙江省,0,0,0,https://yz.chsi.com.cn/sch/schoolInfo--schId-368089.dhtml
368078,哈尔滨商业大学,黑龙江,黑龙江省,0,0,0,https://yz.chsi.com.cn/sch/schoolInfo--schId-368078.dhtml
3274412137,哈尔滨学院,黑龙江,黑龙江省,0,0,0,https://yz.chsi.com.cn/sch/schoolInfo--schId-3274412137.dhtml
368077,哈尔滨师范大学,黑龙江,黑龙江省,0,0,0,https://yz.chsi.com.cn/sch/schoolInfo--schId-368077.dhtml
368079,哈尔滨理工大学,黑龙江,黑龙江省,0,0,0,https://yz.chsi.com.cn/sch/schoolInfo--schId-368079.dhtml
1864275487,哈尔滨音乐学院,黑龙江,黑龙江省,0,0,0,https://yz.chsi.com.cn/sch/schoolInfo--schId-1864275487.dhtml
3274440611,唐山师范学院,河北,河北省,0,0,0,https://yz.chsi.com.cn/sch/schoolInfo--schId-3274440611.dhtml
367918,商务部国际贸易经济合作研究院,北京,商务部,0,0,0,https://yz.chsi.com.cn/sch/schoolInfo--schId-367918.dhtml
3416381954,商洛学院,陕西,陕西省,0,0,0,https://yz.chsi.com.cn/sch/schoolInfo--schId-3416381954.dhtml
368609,喀什大学,新疆,新疆维吾尔自治区,0,0,0,https://yz.chsi.com.cn/sch/schoolInfo--schId-368609.dhtml
2807891016,嘉兴大学,浙江,浙江省,0,0,0,https://yz.chsi.com.cn/sch/schoolInfo--schId-2807891016.dhtml
3416379832,嘉应学院,广东,广东省,0,0,0,https://yz.chsi.com.cn/sch/schoolInfo--schId-3416379832.dhtml
368450,四川外国语大学,重庆,重庆市,0,0,0,https://yz.chsi.com.cn/sch/schoolInfo--schId-368450.dhtml
368489,四川师范大学,四川,四川省,0,0,0,https://yz.chsi.com.cn/sch/schoolInfo--schId-368489.dhtml
368459,四川省社会科学院,四川,四川省,0,0,0,https://yz.chsi.com.cn/sch/schoolInfo--schId-368459.dhtml
368445,四川美术学院,重庆,重庆市,0,0,0,https://yz.chsi.com.cn/sch/schoolInfo--schId-368445.dhtml
302981588,四川警察学院,四川,四川省,0,0,0,https://yz.chsi.com.cn/sch/schoolInfo--schId-302981588.dhtml
368484,四川轻化工大学,四川,四川省,0,0,0,https://yz.chsi.com.cn/sch/schoolInfo--schId-368484.dhtml
368485,四川音乐学院,四川,四川省,0,0,0,https://yz.chsi.com.cn/sch/schoolInfo--schId-368485.dhtml
2107934856,国家体育总局体育科学研究所,北京,国家体育总局,0,0,0,https://yz.chsi.com.cn/sch/schoolInfo--schId-2107934856.dhtml
367943,国家海洋技术中心,天津,自然资源部,0,0,0,https://yz.chsi.com.cn/sch/schoolInfo--schId-367943.dhtml
367840,国家海洋环境预报中心,北京,自然资源部,0,0,0,https://yz.chsi.com.cn/sch/schoolInfo--schId-367840.dhtml
367847,国家老年医学中心,北京,国家卫生健康委员会,0,0,0,https://yz.chsi.com.cn/sch/schoolInfo--schId-367847.dhtml
368154,国网电力科学研究院,江苏,国家电网公司,0,0,0,https://yz.chsi.com.cn/sch/schoolInfo--schId-368154.dhtml
367819,国防大学,北京,解放军,0,0,0,https://yz.chsi.com.cn/sch/schoolInfo--schId-367819.dhtml
367871,国际关系学院,北京,教育部,0,0,0,https://yz.chsi.com.cn/sch/schoolInfo--schId-367871.dhtml
368612,塔里木大学,新疆,新疆生产建设兵团,0,0,0,https://yz.chsi.com.cn/sch/schoolInfo--schId-368612.dhtml
368514,大理大学,云南,云南省,0,0,0,https://yz.chsi.com.cn/sch/schoolInfo--schId-368514.dhtml
368041,大连交通大学,辽宁,辽宁省,0,0,0,https://yz.chsi.com.cn/sch/schoolInfo--schId-368041.dhtml
368046,大连医科大学,辽宁,辽宁省,0,0,0,https://yz.chsi.com.cn/sch/schoolInfo--schId-368046.dhtml
368016,大连外国语大学,辽宁,辽宁省,0,0,0,https://yz.chsi.com.cn/sch/schoolInfo--schId-368016.dhtml
368008,大连大学,辽宁,辽宁省,0,0,0,https://yz.chsi.com.cn/sch/schoolInfo--schId-368008.dhtml
368049,大连工业大学,辽宁,辽宁省,0,0,0,https://yz.chsi.com.cn/sch/schoolInfo--schId-368049.dhtml
302981182,大连民族大学,辽宁,国家民族事务委员会,0,0,0,https://yz.chsi.com.cn/sch/schoolInfo--schId-302981182.dhtml
368042,大连海洋大学,辽宁,辽宁省,0,0,0,https://yz.chsi.com.cn/sch/schoolInfo--schId-368042.dhtml
499722082,天水师范大学,甘肃,甘肃省,0,0,0,https://yz.chsi.com.cn/sch/schoolInfo--schId-499722082.dhtml
2807892153,天津中德应用技术大学,天津,天津市,0,0,0,https://yz.chsi.com.cn/sch/schoolInfo--schId-2807892153.dhtml
367952,天津体育学院,天津,天津市体育局,0,0,0,https://yz.chsi.com.cn/sch/schoolInfo--schId-367952.dhtml
677414,天津农学院,天津,天津市,0,0,0,https://yz.chsi.com.cn/sch/schoolInfo--schId-677414.dhtml
367957,天津商业大学,天津,天津市,0,0,0,https://yz.chsi.com.cn/sch/schoolInfo--schId-367957.dhtml
367939,天津地质研究院,天津,中钢集团公司,0,0,0,https://yz.chsi.com.cn/sch/schoolInfo--schId-367939.dhtml
367937,天津城建大学,天津,天津市,0,0,0,https://yz.chsi.com.cn/sch/schoolInfo--schId-367937.dhtml
367956,天津外国语大学,天津,天津市,0,0,0,https://yz.chsi.com.cn/sch/schoolInfo--schId-367956.dhtml
367950,天津师范大学,天津,天津市,0,0,0,https://yz.chsi.com.cn/sch/schoolInfo--schId-367950.dhtml
367946,天津理工大学,天津,天津市,0,0,0,https://yz.chsi.com.cn/sch/schoolInfo--schId-367946.dhtml
367951,天津科技大学,天津,天津市,0,0,0,https://yz.chsi.com.cn/sch/schoolInfo--schId-367951.dhtml
367936,天津美术学院,天津,天津市,0,0,0,https://yz.chsi.com.cn/sch/schoolInfo--schId-367936.dhtml
367955,天津职业技术师范大学,天津,天津市,0,0,0,https://yz.chsi.com.cn/sch/schoolInfo--schId-367955.dhtml
367958,天津财经大学,天津,天津市,0,0,0,https://yz.chsi.com.cn/sch/schoolInfo--schId-367958.dhtml
367945,天津音乐学院,天津,天津市,0,0,0,https://yz.chsi.com.cn/sch/schoolInfo--schId-367945.dhtml
688908348,太原师范学院,山西,山西省,0,0,0,https://yz.chsi.com.cn/sch/schoolInfo--schId-688908348.dhtml
367996,太原科技大学,山西,山西省,0,0,0,https://yz.chsi.com.cn/sch/schoolInfo--schId-367996.dhtml
368603,宁夏医科大学,宁夏,宁夏回族自治区,0,0,0,https://yz.chsi.com.cn/sch/schoolInfo--schId-368603.dhtml
499722211,宁夏师范大学,宁夏,宁夏回族自治区,0,0,0,https://yz.chsi.com.cn/sch/schoolInfo--schId-499722211.dhtml
3073143814,宁夏理工学院,宁夏,宁夏回族自治区,0,0,0,https://yz.chsi.com.cn/sch/schoolInfo--schId-3073143814.dhtml
3416379530,宁德师范学院,福建,福建省,0,0,0,https://yz.chsi.com.cn/sch/schoolInfo--schId-3416379530.dhtml
2807891075,宁波工程学院,浙江,浙江省,0,0,0,https://yz.chsi.com.cn/sch/schoolInfo--schId-2807891075.dhtml
677978,安庆师范大学,安徽,安徽省,0,0,0,https://yz.chsi.com.cn/sch/schoolInfo--schId-677978.dhtml
3416382019,安康学院,陕西,陕西省,0,0,0,https://yz.chsi.com.cn/sch/schoolInfo--schId-3416382019.dhtml
368245,安徽中医药大学,安徽,安徽省,0,0,0,https://yz.chsi.com.cn/sch/schoolInfo--schId-368245.dhtml
368241,安徽农业大学,安徽,安徽省,0,0,0,https://yz.chsi.com.cn/sch/schoolInfo--schId-368241.dhtml
368242,安徽医科大学,安徽,安徽省,0,0,0,https://yz.chsi.com.cn/sch/schoolInfo--schId-368242.dhtml
368234,安徽工业大学,安徽,安徽省,0,0,0,https://yz.chsi.com.cn/sch/schoolInfo--schId-368234.dhtml
368240,安徽工程大学,安徽,安徽省,0,0,0,https://yz.chsi.com.cn/sch/schoolInfo--schId-368240.dhtml
368236,安徽师范大学,安徽,安徽省,0,0,0,https://yz.chsi.com.cn/sch/schoolInfo--schId-368236.dhtml
678849,安徽建筑大学,安徽,安徽省,0,0,0,https://yz.chsi.com.cn/sch/schoolInfo--schId-678849.dhtml
368239,安徽理工大学,安徽,安徽省,0,0,0,https://yz.chsi.com.cn/sch/schoolInfo--schId-368239.dhtml
302968759,安徽科技工程大学,安徽,安徽省,0,0,0,https://yz.chsi.com.cn/sch/schoolInfo--schId-302968759.dhtml
368232,安徽财经大学,安徽,安徽省,0,0,0,https://yz.chsi.com.cn/sch/schoolInfo--schId-368232.dhtml
302964838,安阳师范学院,河南,河南省,0,0,0,https://yz.chsi.com.cn/sch/schoolInfo--schId-302964838.dhtml
3416381895,宜宾学院,四川,四川省,0,0,0,https://yz.chsi.com.cn/sch/schoolInfo--schId-3416381895.dhtml
302961817,宜春学院,江西,江西省,0,0,0,https://yz.chsi.com.cn/sch/schoolInfo--schId-302961817.dhtml
688909399,宝鸡文理学院,陕西,陕西省,0,0,0,https://yz.chsi.com.cn/sch/schoolInfo--schId-688909399.dhtml
3416379469,宿州学院,安徽,安徽省,0,0,0,https://yz.chsi.com.cn/sch/schoolInfo--schId-3416379469.dhtml
368300,山东中医药大学,山东,山东省,0,0,0,https://yz.chsi.com.cn/sch/schoolInfo--schId-368300.dhtml
302975262,山东交通学院,山东,山东省,0,0,0,https://yz.chsi.com.cn/sch/schoolInfo--schId-302975262.dhtml
368274,山东体育学院,山东,山东省,0,0,0,https://yz.chsi.com.cn/sch/schoolInfo--schId-368274.dhtml
368295,山东农业大学,山东,山东省,0,0,0,https://yz.chsi.com.cn/sch/schoolInfo--schId-368295.dhtml
368299,山东医药大学,山东,山东省,0,0,0,https://yz.chsi.com.cn/sch/schoolInfo--schId-368299.dhtml
688909784,山东工商学院,山东,山东省,0,0,0,https://yz.chsi.com.cn/sch/schoolInfo--schId-688909784.dhtml
678916,山东工艺美术学院,山东,山东省,0,0,0,https://yz.chsi.com.cn/sch/schoolInfo--schId-678916.dhtml
368301,山东师范大学,山东,山东省,0,0,0,https://yz.chsi.com.cn/sch/schoolInfo--schId-368301.dhtml
368293,山东建筑大学,山东,山东省,0,0,0,https://yz.chsi.com.cn/sch/schoolInfo--schId-368293.dhtml
302982783,山东政法学院,山东,山东省,0,0,0,https://yz.chsi.com.cn/sch/schoolInfo--schId-302982783.dhtml
368279,山东理工大学,山东,山东省,0,0,0,https://yz.chsi.com.cn/sch/schoolInfo--schId-368279.dhtml
368291,山东科技大学,山东,山东省,0,0,0,https://yz.chsi.com.cn/sch/schoolInfo--schId-368291.dhtml
368298,山东第一医科大学,山东,山东省,0,0,0,https://yz.chsi.com.cn/sch/schoolInfo--schId-368298.dhtml
368297,山东第二医科大学,山东,山东省,0,0,0,https://yz.chsi.com.cn/sch/schoolInfo--schId-368297.dhtml
2807891665,山东航空学院,山东,山东省,0,0,0,https://yz.chsi.com.cn/sch/schoolInfo--schId-2807891665.dhtml
368275,山东艺术学院,山东,山东省,0,0,0,https://yz.chsi.com.cn/sch/schoolInfo--schId-368275.dhtml
368273,山东财经大学,山东,山东省,0,0,0,https://yz.chsi.com.cn/sch/schoolInfo--schId-368273.dhtml
8243981,山西中医药大学,山西,山西省,0,0,0,https://yz.chsi.com.cn/sch/schoolInfo--schId-8243981.dhtml
367993,山西农业大学,山西,山西省,0,0,0,https://yz.chsi.com.cn/sch/schoolInfo--schId-367993.dhtml
367992,山西医科大学,山西,山西省,0,0,0,https://yz.chsi.com.cn/sch/schoolInfo--schId-367992.dhtml
2125710548,山西大同大学,山西,山西省,0,0,0,https://yz.chsi.com.cn/sch/schoolInfo--schId-2125710548.dhtml
367998,山西师范大学,山西,山西省,0,0,0,https://yz.chsi.com.cn/sch/schoolInfo--schId-367998.dhtml
367988,山西省中医药研究院,山西,山西省,0,0,0,https://yz.chsi.com.cn/sch/schoolInfo--schId-367988.dhtml
367987,山西财经大学,山西,山西省,0,0,0,https://yz.chsi.com.cn/sch/schoolInfo--schId-367987.dhtml
3274412898,岭南师范学院,广东,广东省,0,0,0,https://yz.chsi.com.cn/sch/schoolInfo--schId-3274412898.dhtml
678514,川北医学院,四川,四川省,0,0,0,https://yz.chsi.com.cn/sch/schoolInfo--schId-678514.dhtml
368186,常州大学,江苏,江苏省,0,0,0,https://yz.chsi.com.cn/sch/schoolInfo--schId-368186.dhtml
3274413736,常州工学院,江苏,江苏省,0,0,0,https://yz.chsi.com.cn/sch/schoolInfo--schId-3274413736.dhtml
3274413590,平顶山学院,河南,河南省,0,0,0,https://yz.chsi.com.cn/sch/schoolInfo--schId-3274413590.dhtml
368420,广东医科大学,广东,广东省,0,0,0,https://yz.chsi.com.cn/sch/schoolInfo--schId-368420.dhtml
368415,广东外语外贸大学,广东,广东省,0,0,0,https://yz.chsi.com.cn/sch/schoolInfo--schId-368415.dhtml
368400,广东工业大学,广东,广东省,0,0,0,https://yz.chsi.com.cn/sch/schoolInfo--schId-368400.dhtml
678246,广东技术师范大学,广东,广东省,0,0,0,https://yz.chsi.com.cn/sch/schoolInfo--schId-678246.dhtml
368418,广东海洋大学,广东,广东省,0,0,0,https://yz.chsi.com.cn/sch/schoolInfo--schId-368418.dhtml
368406,广东省心血管病研究所,广东,广东省,0,0,0,https://yz.chsi.com.cn/sch/schoolInfo--schId-368406.dhtml
368405,广东省社会科学院,广东,广东省,0,0,0,https://yz.chsi.com.cn/sch/schoolInfo--schId-368405.dhtml
2807891606,广东石油化工学院,广东,广东省,0,0,0,https://yz.chsi.com.cn/sch/schoolInfo--schId-2807891606.dhtml
368427,广东药科大学,广东,广东省,0,0,0,https://yz.chsi.com.cn/sch/schoolInfo--schId-368427.dhtml
368410,广东财经大学,广东,广东省,0,0,0,https://yz.chsi.com.cn/sch/schoolInfo--schId-368410.dhtml
302975452,广东金融学院,广东,广东省,0,0,0,https://yz.chsi.com.cn/sch/schoolInfo--schId-302975452.dhtml
368424,广州体育学院,广东,广东省,0,0,0,https://yz.chsi.com.cn/sch/schoolInfo--schId-368424.dhtml
368423,广州大学,广东,广东省,0,0,0,https://yz.chsi.com.cn/sch/schoolInfo--schId-368423.dhtml
368425,广州美术学院,广东,广东省,0,0,0,https://yz.chsi.com.cn/sch/schoolInfo--schId-368425.dhtml
368437,广西中医药大学,广西,广西壮族自治区,0,0,0,https://yz.chsi.com.cn/sch/schoolInfo--schId-368437.dhtml
368434,广西医科大学,广西,广西壮族自治区,0,0,0,https://yz.chsi.com.cn/sch/schoolInfo--schId-368434.dhtml
368433,广西师范大学,广西,广西壮族自治区,0,0,0,https://yz.chsi.com.cn/sch/schoolInfo--schId-368433.dhtml
368430,广西民族大学,广西,广西壮族自治区,0,0,0,https://yz.chsi.com.cn/sch/schoolInfo--schId-368430.dhtml
678313,广西科技大学,广西,广西壮族自治区,0,0,0,https://yz.chsi.com.cn/sch/schoolInfo--schId-678313.dhtml
368431,广西艺术学院,广西,广西壮族自治区,0,0,0,https://yz.chsi.com.cn/sch/schoolInfo--schId-368431.dhtml
302975686,广西财经学院,广西,广西壮族自治区,0,0,0,https://yz.chsi.com.cn/sch/schoolInfo--schId-302975686.dhtml
302972737,应急管理大学,河北,应急管理部,0,0,0,https://yz.chsi.com.cn/sch/schoolInfo--schId-302972737.dhtml
367844,应急管理部国家自然灾害防治研究院,北京,应急管理部,0,0,0,https://yz.chsi.com.cn/sch/schoolInfo--schId-367844.dhtml
368577,延安大学,陕西,陕西省,0,0,0,https://yz.chsi.com.cn/sch/schoolInfo--schId-368577.dhtml
368195,徐州医科大学,江苏,江苏省,0,0,0,https://yz.chsi.com.cn/sch/schoolInfo--schId-368195.dhtml
3416382198,徐州工程学院,江苏,江苏省,0,0,0,https://yz.chsi.com.cn/sch/schoolInfo--schId-3416382198.dhtml
3274412563,德州学院,山东,山东省教育厅,0,0,0,https://yz.chsi.com.cn/sch/schoolInfo--schId-3274412563.dhtml
3274412776,惠州学院,广东,广东省,0,0,0,https://yz.chsi.com.cn/sch/schoolInfo--schId-3274412776.dhtml
368492,成都体育学院,四川,四川省,0,0,0,https://yz.chsi.com.cn/sch/schoolInfo--schId-368492.dhtml
368483,成都信息工程大学,四川,四川省,0,0,0,https://yz.chsi.com.cn/sch/schoolInfo--schId-368483.dhtml
302982288,成都医学院,四川,四川省,0,0,0,https://yz.chsi.com.cn/sch/schoolInfo--schId-302982288.dhtml
368470,成都大学,四川,四川省,0,0,0,https://yz.chsi.com.cn/sch/schoolInfo--schId-368470.dhtml
368161,扬州大学,江苏,江苏省,0,0,0,https://yz.chsi.com.cn/sch/schoolInfo--schId-368161.dhtml
367981,承德医学院,河北,河北省,0,0,0,https://yz.chsi.com.cn/sch/schoolInfo--schId-367981.dhtml
2807891970,攀枝花学院,四川,四川省,0,0,0,https://yz.chsi.com.cn/sch/schoolInfo--schId-2807891970.dhtml
368611,新疆农业大学,新疆,新疆维吾尔自治区,0,0,0,https://yz.chsi.com.cn/sch/schoolInfo--schId-368611.dhtml
368615,新疆医科大学,新疆,新疆维吾尔自治区,0,0,0,https://yz.chsi.com.cn/sch/schoolInfo--schId-368615.dhtml
368606,新疆师范大学,新疆,新疆维吾尔自治区,0,0,0,https://yz.chsi.com.cn/sch/schoolInfo--schId-368606.dhtml
688909475,新疆艺术学院,新疆,新疆维吾尔自治区,0,0,0,https://yz.chsi.com.cn/sch/schoolInfo--schId-688909475.dhtml
368608,新疆财经大学,新疆,新疆维吾尔自治区,0,0,0,https://yz.chsi.com.cn/sch/schoolInfo--schId-368608.dhtml
368515,昆明医科大学,云南,云南省,0,0,0,https://yz.chsi.com.cn/sch/schoolInfo--schId-368515.dhtml
2125725192,昆明学院,云南,云南省,0,0,0,https://yz.chsi.com.cn/sch/schoolInfo--schId-2125725192.dhtml
368512,昆明理工大学,云南,云南省,0,0,0,https://yz.chsi.com.cn/sch/schoolInfo--schId-368512.dhtml
368505,昆明贵金属研究所,云南,转制科研单位,0,0,0,https://yz.chsi.com.cn/sch/schoolInfo--schId-368505.dhtml
499723211,昌吉学院,新疆,新疆维吾尔自治区,0,0,0,https://yz.chsi.com.cn/sch/schoolInfo--schId-499723211.dhtml
368426,星海音乐学院,广东,广东省,0,0,0,https://yz.chsi.com.cn/sch/schoolInfo--schId-368426.dhtml
368258,景德镇陶瓷大学,江西,江西省,0,0,0,https://yz.chsi.com.cn/sch/schoolInfo--schId-368258.dhtml
368284,曲阜师范大学,山东,山东省,0,0,0,https://yz.chsi.com.cn/sch/schoolInfo--schId-368284.dhtml
3274413157,曲靖师范学院,云南,云南省,0,0,0,https://yz.chsi.com.cn/sch/schoolInfo--schId-3274413157.dhtml
367910,机械科学研究总院,北京,机械科学研究院,0,0,0,https://yz.chsi.com.cn/sch/schoolInfo--schId-367910.dhtml
368107,机械科学研究总院(上海材料研究所),上海,上海市,0,0,0,https://yz.chsi.com.cn/sch/schoolInfo--schId-368107.dhtml
367911,机械科学研究总院(北京机械工业自动化研究所),北京,机械科学研究院,0,0,0,https://yz.chsi.com.cn/sch/schoolInfo--schId-367911.dhtml
367912,机械科学研究总院(北京机电研究所),北京,机械科学研究院,0,0,0,https://yz.chsi.com.cn/sch/schoolInfo--schId-367912.dhtml
368080,机械科学研究总院(哈尔滨焊接研究所),黑龙江,机械科学研究院,0,0,0,https://yz.chsi.com.cn/sch/schoolInfo--schId-368080.dhtml
368333,机械科学研究总院(武汉材料保护研究所),湖北,机械科学研究院,0,0,0,https://yz.chsi.com.cn/sch/schoolInfo--schId-368333.dhtml
368020,机械科学研究总院(沈阳铸造研究所),辽宁,机械科学研究院,0,0,0,https://yz.chsi.com.cn/sch/schoolInfo--schId-368020.dhtml
368306,机械科学研究总院(郑州机械研究所),河南,机械科学研究院,0,0,0,https://yz.chsi.com.cn/sch/schoolInfo--schId-368306.dhtml
2807892033,杭州医学院,浙江,浙江省,0,0,0,https://yz.chsi.com.cn/sch/schoolInfo--schId-2807892033.dhtml
368214,杭州师范大学,浙江,浙江省,0,0,0,https://yz.chsi.com.cn/sch/schoolInfo--schId-368214.dhtml
368219,杭州电子科技大学,浙江,浙江省,0,0,0,https://yz.chsi.com.cn/sch/schoolInfo--schId-368219.dhtml
3274413522,枣庄学院,山东,山东省教育厅,0,0,0,https://yz.chsi.com.cn/sch/schoolInfo--schId-3274413522.dhtml
367869,核工业北京化工冶金研究院,北京,工业与信息化部,0,0,0,https://yz.chsi.com.cn/sch/schoolInfo--schId-367869.dhtml
367857,核工业北京地质研究院,北京,工业与信息化部,0,0,0,https://yz.chsi.com.cn/sch/schoolInfo--schId-367857.dhtml
367940,核工业理化工程研究院,天津,工业与信息化部,0,0,0,https://yz.chsi.com.cn/sch/schoolInfo--schId-367940.dhtml
367914,核工业第二研究设计院,北京,工业与信息化部,0,0,0,https://yz.chsi.com.cn/sch/schoolInfo--schId-367914.dhtml
368478,核工业西南物理研究院,四川,工业与信息化部,0,0,0,https://yz.chsi.com.cn/sch/schoolInfo--schId-368478.dhtml
678380,桂林医科大学,广西,广西壮族自治区,0,0,0,https://yz.chsi.com.cn/sch/schoolInfo--schId-678380.dhtml
368429,桂林理工大学,广西,广西壮族自治区,0,0,0,https://yz.chsi.com.cn/sch/schoolInfo--schId-368429.dhtml
368435,桂林电子科技大学,广西,广西壮族自治区,0,0,0,https://yz.chsi.com.cn/sch/schoolInfo--schId-368435.dhtml
2125272831,榆林大学,陕西,陕西省,0,0,0,https://yz.chsi.com.cn/sch/schoolInfo--schId-2125272831.dhtml
3274412417,武夷学院,福建,福建省,0,0,0,https://yz.chsi.com.cn/sch/schoolInfo--schId-3274412417.dhtml
368375,武汉体育学院,湖北,国家体育总局,0,0,0,https://yz.chsi.com.cn/sch/schoolInfo--schId-368375.dhtml
368338,武汉安全环保研究院,湖北,中钢集团公司,0,0,0,https://yz.chsi.com.cn/sch/schoolInfo--schId-368338.dhtml
368361,武汉工程大学,湖北,湖北省,0,0,0,https://yz.chsi.com.cn/sch/schoolInfo--schId-368361.dhtml
368330,武汉生物制品研究所,湖北,中国生物制品总公司,0,0,0,https://yz.chsi.com.cn/sch/schoolInfo--schId-368330.dhtml
368359,武汉科技大学,湖北,湖北省,0,0,0,https://yz.chsi.com.cn/sch/schoolInfo--schId-368359.dhtml
368362,武汉纺织大学,湖北,湖北省,0,0,0,https://yz.chsi.com.cn/sch/schoolInfo--schId-368362.dhtml
368354,武汉轻工大学,湖北,湖北省,0,0,0,https://yz.chsi.com.cn/sch/schoolInfo--schId-368354.dhtml
368331,武汉邮电科学研究院,湖北,工业与信息化部,0,0,0,https://yz.chsi.com.cn/sch/schoolInfo--schId-368331.dhtml
368372,武汉音乐学院,湖北,湖北省,0,0,0,https://yz.chsi.com.cn/sch/schoolInfo--schId-368372.dhtml
688912355,武警后勤学院,天津,解放军,0,0,0,https://yz.chsi.com.cn/sch/schoolInfo--schId-688912355.dhtml
368540,武警工程大学,陕西,解放军,0,0,0,https://yz.chsi.com.cn/sch/schoolInfo--schId-368540.dhtml
688912256,武警指挥学院,天津,解放军,0,0,0,https://yz.chsi.com.cn/sch/schoolInfo--schId-688912256.dhtml
368428,汕头大学,广东,广东省,0,0,0,https://yz.chsi.com.cn/sch/schoolInfo--schId-368428.dhtml
368345,江汉大学,湖北,湖北省,0,0,0,https://yz.chsi.com.cn/sch/schoolInfo--schId-368345.dhtml
368200,江苏大学,江苏,江苏省,0,0,0,https://yz.chsi.com.cn/sch/schoolInfo--schId-368200.dhtml
368192,江苏师范大学,江苏,江苏省,0,0,0,https://yz.chsi.com.cn/sch/schoolInfo--schId-368192.dhtml
688909698,江苏海洋大学,江苏,江苏省,0,0,0,https://yz.chsi.com.cn/sch/schoolInfo--schId-688909698.dhtml
302975077,江苏理工学院,江苏,江苏省,0,0,0,https://yz.chsi.com.cn/sch/schoolInfo--schId-302975077.dhtml
368187,江苏省中国科学院植物研究所,江苏,江苏省,0,0,0,https://yz.chsi.com.cn/sch/schoolInfo--schId-368187.dhtml
368166,江苏省血吸虫病防治研究所,江苏,江苏省,0,0,0,https://yz.chsi.com.cn/sch/schoolInfo--schId-368166.dhtml
368183,江苏科技大学,江苏,江苏省,0,0,0,https://yz.chsi.com.cn/sch/schoolInfo--schId-368183.dhtml
2807891488,江苏警官学院,江苏,江苏省,0,0,0,https://yz.chsi.com.cn/sch/schoolInfo--schId-2807891488.dhtml
368263,江西中医药大学,江西,江西省,0,0,0,https://yz.chsi.com.cn/sch/schoolInfo--schId-368263.dhtml
368269,江西农业大学,江西,江西省,0,0,0,https://yz.chsi.com.cn/sch/schoolInfo--schId-368269.dhtml
368262,江西师范大学,江西,江西省,0,0,0,https://yz.chsi.com.cn/sch/schoolInfo--schId-368262.dhtml
302973471,江西水利电力大学,江西,江西省,0,0,0,https://yz.chsi.com.cn/sch/schoolInfo--schId-302973471.dhtml
368264,江西理工大学,江西,江西省,0,0,0,https://yz.chsi.com.cn/sch/schoolInfo--schId-368264.dhtml
678983,江西科技师范大学,江西,江西省,0,0,0,https://yz.chsi.com.cn/sch/schoolInfo--schId-678983.dhtml
368260,江西财经大学,江西,江西省,0,0,0,https://yz.chsi.com.cn/sch/schoolInfo--schId-368260.dhtml
368013,沈阳体育学院,辽宁,辽宁省,0,0,0,https://yz.chsi.com.cn/sch/schoolInfo--schId-368013.dhtml
368050,沈阳农业大学,辽宁,辽宁省,0,0,0,https://yz.chsi.com.cn/sch/schoolInfo--schId-368050.dhtml
368047,沈阳化工大学,辽宁,辽宁省,0,0,0,https://yz.chsi.com.cn/sch/schoolInfo--schId-368047.dhtml
368024,沈阳化工研究院,辽宁,转制科研单位,0,0,0,https://yz.chsi.com.cn/sch/schoolInfo--schId-368024.dhtml
688908428,沈阳医学院,辽宁,辽宁省,0,0,0,https://yz.chsi.com.cn/sch/schoolInfo--schId-688908428.dhtml
368010,沈阳大学,辽宁,辽宁省,0,0,0,https://yz.chsi.com.cn/sch/schoolInfo--schId-368010.dhtml
368034,沈阳工业大学,辽宁,辽宁省,0,0,0,https://yz.chsi.com.cn/sch/schoolInfo--schId-368034.dhtml
302980540,沈阳工程学院,辽宁,辽宁省,0,0,0,https://yz.chsi.com.cn/sch/schoolInfo--schId-302980540.dhtml
368031,沈阳师范大学,辽宁,辽宁省,0,0,0,https://yz.chsi.com.cn/sch/schoolInfo--schId-368031.dhtml
368053,沈阳建筑大学,辽宁,辽宁省,0,0,0,https://yz.chsi.com.cn/sch/schoolInfo--schId-368053.dhtml
368036,沈阳理工大学,辽宁,辽宁省,0,0,0,https://yz.chsi.com.cn/sch/schoolInfo--schId-368036.dhtml
368035,沈阳航空航天大学,辽宁,辽宁省,0,0,0,https://yz.chsi.com.cn/sch/schoolInfo--schId-368035.dhtml
368044,沈阳药科大学,辽宁,辽宁省,0,0,0,https://yz.chsi.com.cn/sch/schoolInfo--schId-368044.dhtml
368017,沈阳音乐学院,辽宁,辽宁省,0,0,0,https://yz.chsi.com.cn/sch/schoolInfo--schId-368017.dhtml
1474556852,河北中医药大学,河北,河北省,0,0,0,https://yz.chsi.com.cn/sch/schoolInfo--schId-1474556852.dhtml
302982030,河北传媒学院,河北,河北省,0,0,0,https://yz.chsi.com.cn/sch/schoolInfo--schId-302982030.dhtml
367968,河北农业大学,河北,河北省,0,0,0,https://yz.chsi.com.cn/sch/schoolInfo--schId-367968.dhtml
677436,河北北方学院,河北,河北省,0,0,0,https://yz.chsi.com.cn/sch/schoolInfo--schId-677436.dhtml
367961,河北医科大学,河北,河北省,0,0,0,https://yz.chsi.com.cn/sch/schoolInfo--schId-367961.dhtml
367985,河北地质大学,河北,河北省,0,0,0,https://yz.chsi.com.cn/sch/schoolInfo--schId-367985.dhtml
367977,河北大学,河北,河北省,0,0,0,https://yz.chsi.com.cn/sch/schoolInfo--schId-367977.dhtml
367975,河北工程大学,河北,河北省,0,0,0,https://yz.chsi.com.cn/sch/schoolInfo--schId-367975.dhtml
367982,河北师范大学,河北,河北省,0,0,0,https://yz.chsi.com.cn/sch/schoolInfo--schId-367982.dhtml
688908263,河北建筑工程学院,河北,河北省,0,0,0,https://yz.chsi.com.cn/sch/schoolInfo--schId-688908263.dhtml
367979,河北科技大学,河北,河北省,0,0,0,https://yz.chsi.com.cn/sch/schoolInfo--schId-367979.dhtml
678782,河北科技师范学院,河北,河北省,0,0,0,https://yz.chsi.com.cn/sch/schoolInfo--schId-678782.dhtml
367966,河北经贸大学,河北,河北省,0,0,0,https://yz.chsi.com.cn/sch/schoolInfo--schId-367966.dhtml
302974222,河北金融学院,河北,河北省,0,0,0,https://yz.chsi.com.cn/sch/schoolInfo--schId-302974222.dhtml
368323,河南中医药大学,河南,河南省,0,0,0,https://yz.chsi.com.cn/sch/schoolInfo--schId-368323.dhtml
368322,河南农业大学,河南,河南省,0,0,0,https://yz.chsi.com.cn/sch/schoolInfo--schId-368322.dhtml
368324,河南医药大学,河南,河南省,0,0,0,https://yz.chsi.com.cn/sch/schoolInfo--schId-368324.dhtml
3274440676,河南城建学院,河南,河南省,0,0,0,https://yz.chsi.com.cn/sch/schoolInfo--schId-3274440676.dhtml
368320,河南工业大学,河南,河南省,0,0,0,https://yz.chsi.com.cn/sch/schoolInfo--schId-368320.dhtml
368327,河南师范大学,河南,河南省,0,0,0,https://yz.chsi.com.cn/sch/schoolInfo--schId-368327.dhtml
368318,河南理工大学,河南,河南省,0,0,0,https://yz.chsi.com.cn/sch/schoolInfo--schId-368318.dhtml
368326,河南科技大学,河南,河南省,0,0,0,https://yz.chsi.com.cn/sch/schoolInfo--schId-368326.dhtml
678045,河南科技学院,河南,河南省,0,0,0,https://yz.chsi.com.cn/sch/schoolInfo--schId-678045.dhtml
368304,河南财经政法大学,河南,河南省,0,0,0,https://yz.chsi.com.cn/sch/schoolInfo--schId-368304.dhtml
2807891193,河西学院,甘肃,甘肃省,0,0,0,https://yz.chsi.com.cn/sch/schoolInfo--schId-2807891193.dhtml
302961587,泉州师范学院,福建,福建省,0,0,0,https://yz.chsi.com.cn/sch/schoolInfo--schId-302961587.dhtml
3416379589,泰山学院,山东,山东省,0,0,0,https://yz.chsi.com.cn/sch/schoolInfo--schId-3416379589.dhtml
302965252,洛阳师范学院,河南,河南省,0,0,0,https://yz.chsi.com.cn/sch/schoolInfo--schId-302965252.dhtml
368278,济南大学,山东,山东省,0,0,0,https://yz.chsi.com.cn/sch/schoolInfo--schId-368278.dhtml
302964566,济宁医学院,山东,山东省,0,0,0,https://yz.chsi.com.cn/sch/schoolInfo--schId-302964566.dhtml
2807892271,浙大城市学院,浙江,浙江省,0,0,0,https://yz.chsi.com.cn/sch/schoolInfo--schId-2807892271.dhtml
3274414374,浙大宁波理工学院,浙江,浙江省,0,0,0,https://yz.chsi.com.cn/sch/schoolInfo--schId-3274414374.dhtml
302968602,浙江万里学院,浙江,浙江省,0,0,0,https://yz.chsi.com.cn/sch/schoolInfo--schId-302968602.dhtml
368215,浙江中医药大学,浙江,浙江省,0,0,0,https://yz.chsi.com.cn/sch/schoolInfo--schId-368215.dhtml
302980714,浙江传媒学院,浙江,浙江省,0,0,0,https://yz.chsi.com.cn/sch/schoolInfo--schId-302980714.dhtml
368216,浙江农林大学,浙江,浙江省,0,0,0,https://yz.chsi.com.cn/sch/schoolInfo--schId-368216.dhtml
3274412069,浙江外国语学院,浙江,浙江省,0,0,0,https://yz.chsi.com.cn/sch/schoolInfo--schId-3274412069.dhtml
368218,浙江工业大学,浙江,浙江省,0,0,0,https://yz.chsi.com.cn/sch/schoolInfo--schId-368218.dhtml
368210,浙江工商大学,浙江,浙江省,0,0,0,https://yz.chsi.com.cn/sch/schoolInfo--schId-368210.dhtml
368220,浙江师范大学,浙江,浙江省,0,0,0,https://yz.chsi.com.cn/sch/schoolInfo--schId-368220.dhtml
3416382139,浙江树人学院,浙江,浙江省,0,0,0,https://yz.chsi.com.cn/sch/schoolInfo--schId-3416382139.dhtml
677911,浙江海洋大学,浙江,浙江省,0,0,0,https://yz.chsi.com.cn/sch/schoolInfo--schId-677911.dhtml
368217,浙江理工大学,浙江,浙江省,0,0,0,https://yz.chsi.com.cn/sch/schoolInfo--schId-368217.dhtml
688909631,浙江科技大学,浙江,浙江省,0,0,0,https://yz.chsi.com.cn/sch/schoolInfo--schId-688909631.dhtml
2807891134,浙江警察学院,浙江,浙江省,0,0,0,https://yz.chsi.com.cn/sch/schoolInfo--schId-2807891134.dhtml
368206,浙江财经大学,浙江,浙江省,0,0,0,https://yz.chsi.com.cn/sch/schoolInfo--schId-368206.dhtml
1865235773,浙江音乐学院,浙江,浙江省,0,0,0,https://yz.chsi.com.cn/sch/schoolInfo--schId-1865235773.dhtml
1864277803,海军勤务学院,天津,解放军,0,0,0,https://yz.chsi.com.cn/sch/schoolInfo--schId-1864277803.dhtml
368027,海军大连舰艇学院,辽宁,解放军,0,0,0,https://yz.chsi.com.cn/sch/schoolInfo--schId-368027.dhtml
368349,海军工程大学,湖北,解放军,0,0,0,https://yz.chsi.com.cn/sch/schoolInfo--schId-368349.dhtml
368173,海军指挥学院,江苏,解放军,0,0,0,https://yz.chsi.com.cn/sch/schoolInfo--schId-368173.dhtml
368272,海军潜艇学院,山东,解放军,0,0,0,https://yz.chsi.com.cn/sch/schoolInfo--schId-368272.dhtml
368270,海军航空大学,山东,解放军,0,0,0,https://yz.chsi.com.cn/sch/schoolInfo--schId-368270.dhtml
688909932,海南医科大学,海南,海南省,0,0,0,https://yz.chsi.com.cn/sch/schoolInfo--schId-688909932.dhtml
368440,海南师范大学,海南,海南省,0,0,0,https://yz.chsi.com.cn/sch/schoolInfo--schId-368440.dhtml
499721832,海南热带海洋学院,海南,海南省,0,0,0,https://yz.chsi.com.cn/sch/schoolInfo--schId-499721832.dhtml
368233,淮北师范大学,安徽,安徽省,0,0,0,https://yz.chsi.com.cn/sch/schoolInfo--schId-368233.dhtml
302969868,淮安大学,江苏,江苏省,0,0,0,https://yz.chsi.com.cn/sch/schoolInfo--schId-302969868.dhtml
2807891429,淮阴师范学院,江苏,江苏省,0,0,0,https://yz.chsi.com.cn/sch/schoolInfo--schId-2807891429.dhtml
368417,深圳大学,广东,广东省,0,0,0,https://yz.chsi.com.cn/sch/schoolInfo--schId-368417.dhtml
368028,渤海大学,辽宁,辽宁省,0,0,0,https://yz.chsi.com.cn/sch/schoolInfo--schId-368028.dhtml
368211,温州医科大学,浙江,浙江省,0,0,0,https://yz.chsi.com.cn/sch/schoolInfo--schId-368211.dhtml
368221,温州大学,浙江,浙江省,0,0,0,https://yz.chsi.com.cn/sch/schoolInfo--schId-368221.dhtml
368371,湖北中医药大学,湖北,湖北省,0,0,0,https://yz.chsi.com.cn/sch/schoolInfo--schId-368371.dhtml
688909561,湖北医药学院,湖北,湖北省,0,0,0,https://yz.chsi.com.cn/sch/schoolInfo--schId-688909561.dhtml
368377,湖北大学,湖北,湖北省,0,0,0,https://yz.chsi.com.cn/sch/schoolInfo--schId-368377.dhtml
368364,湖北工业大学,湖北,湖北省,0,0,0,https://yz.chsi.com.cn/sch/schoolInfo--schId-368364.dhtml
3416379650,湖北工程学院,湖北,湖北省,0,0,0,https://yz.chsi.com.cn/sch/schoolInfo--schId-3416379650.dhtml
678112,湖北师范大学,湖北,湖北省,0,0,0,https://yz.chsi.com.cn/sch/schoolInfo--schId-678112.dhtml
2107934497,湖北文理学院,湖北,湖北省,0,0,0,https://yz.chsi.com.cn/sch/schoolInfo--schId-2107934497.dhtml
678179,湖北民族大学,湖北,湖北省,0,0,0,https://yz.chsi.com.cn/sch/schoolInfo--schId-678179.dhtml
688909023,湖北汽车工业学院,湖北,湖北省,0,0,0,https://yz.chsi.com.cn/sch/schoolInfo--schId-688909023.dhtml
3274413657,湖北理工学院,湖北,湖北省,0,0,0,https://yz.chsi.com.cn/sch/schoolInfo--schId-3274413657.dhtml
368337,湖北省社会科学院,湖北,湖北省,0,0,0,https://yz.chsi.com.cn/sch/schoolInfo--schId-368337.dhtml
302968985,湖北科技学院,湖北,湖北省,0,0,0,https://yz.chsi.com.cn/sch/schoolInfo--schId-302968985.dhtml
302976118,湖北经济学院,湖北,湖北省,0,0,0,https://yz.chsi.com.cn/sch/schoolInfo--schId-302976118.dhtml
368374,湖北美术学院,湖北,湖北省,0,0,0,https://yz.chsi.com.cn/sch/schoolInfo--schId-368374.dhtml
368389,湖南中医药大学,湖南,湖南省,0,0,0,https://yz.chsi.com.cn/sch/schoolInfo--schId-368389.dhtml
302965854,湖南人文科技学院,湖南,湖南省,0,0,0,https://yz.chsi.com.cn/sch/schoolInfo--schId-302965854.dhtml
368392,湖南农业大学,湖南,湖南省,0,0,0,https://yz.chsi.com.cn/sch/schoolInfo--schId-368392.dhtml
2807891852,湖南城市学院,湖南,湖南省,0,0,0,https://yz.chsi.com.cn/sch/schoolInfo--schId-2807891852.dhtml
368387,湖南工业大学,湖南,湖南省,0,0,0,https://yz.chsi.com.cn/sch/schoolInfo--schId-368387.dhtml
688909169,湖南工商大学,湖南,湖南省,0,0,0,https://yz.chsi.com.cn/sch/schoolInfo--schId-688909169.dhtml
302973686,湖南工程学院,湖南,湖南省,0,0,0,https://yz.chsi.com.cn/sch/schoolInfo--schId-302973686.dhtml
3274412642,湖南文理学院,湖南,湖南省,0,0,0,https://yz.chsi.com.cn/sch/schoolInfo--schId-3274412642.dhtml
688909092,湖南理工大学,湖南,湖南省,0,0,0,https://yz.chsi.com.cn/sch/schoolInfo--schId-688909092.dhtml
368382,湖南省中医药研究院,湖南,湖南省,0,0,0,https://yz.chsi.com.cn/sch/schoolInfo--schId-368382.dhtml
368379,湖南科技大学,湖南,湖南省,0,0,0,https://yz.chsi.com.cn/sch/schoolInfo--schId-368379.dhtml
3416379711,湖南科技学院,湖南,湖南省,0,0,0,https://yz.chsi.com.cn/sch/schoolInfo--schId-3416379711.dhtml
3274440738,湖南第一师范学院,湖南,湖南省,0,0,0,https://yz.chsi.com.cn/sch/schoolInfo--schId-3274440738.dhtml
302961122,湖州师范大学,浙江,浙江省,0,0,0,https://yz.chsi.com.cn/sch/schoolInfo--schId-302961122.dhtml
3274412345,滁州学院,安徽,安徽省,0,0,0,https://yz.chsi.com.cn/sch/schoolInfo--schId-3274412345.dhtml
3274413804,潍坊学院,山东,山东省教育厅,0,0,0,https://yz.chsi.com.cn/sch/schoolInfo--schId-3274413804.dhtml
368548,火箭军工程大学,陕西,解放军,0,0,0,https://yz.chsi.com.cn/sch/schoolInfo--schId-368548.dhtml
368335,火箭军指挥学院,湖北,解放军,0,0,0,https://yz.chsi.com.cn/sch/schoolInfo--schId-368335.dhtml
368276,烟台大学,山东,山东省,0,0,0,https://yz.chsi.com.cn/sch/schoolInfo--schId-368276.dhtml
788359951,煤炭科学研究总院,北京,煤炭科学研究总院,0,0,0,https://yz.chsi.com.cn/sch/schoolInfo--schId-788359951.dhtml
367984,燕山大学,河北,河北省,0,0,0,https://yz.chsi.com.cn/sch/schoolInfo--schId-367984.dhtml
688908578,牡丹江医科大学,黑龙江,黑龙江省,0,0,0,https://yz.chsi.com.cn/sch/schoolInfo--schId-688908578.dhtml
677777,牡丹江师范学院,黑龙江,黑龙江省,0,0,0,https://yz.chsi.com.cn/sch/schoolInfo--schId-677777.dhtml
3274412965,玉林师范学院,广西,广西壮族自治区,0,0,0,https://yz.chsi.com.cn/sch/schoolInfo--schId-3274412965.dhtml
3274414092,玉溪师范学院,云南,云南省,0,0,0,https://yz.chsi.com.cn/sch/schoolInfo--schId-3274414092.dhtml
368592,甘肃中医药大学,甘肃,甘肃省,0,0,0,https://yz.chsi.com.cn/sch/schoolInfo--schId-368592.dhtml
368590,甘肃农业大学,甘肃,甘肃省,0,0,0,https://yz.chsi.com.cn/sch/schoolInfo--schId-368590.dhtml
679117,甘肃政法大学,甘肃,甘肃省,0,0,0,https://yz.chsi.com.cn/sch/schoolInfo--schId-679117.dhtml
367789,电信科学技术研究院,北京,工业与信息化部,0,0,0,https://yz.chsi.com.cn/sch/schoolInfo--schId-367789.dhtml
368113,电信科学技术研究院(第一研究所),上海,工业与信息化部,0,0,0,https://yz.chsi.com.cn/sch/schoolInfo--schId-368113.dhtml
368475,电信科学技术研究院(第五研究所),四川,工业与信息化部,0,0,0,https://yz.chsi.com.cn/sch/schoolInfo--schId-368475.dhtml
368534,电信科学技术研究院(第四研究所),陕西,信息产业部,0,0,0,https://yz.chsi.com.cn/sch/schoolInfo--schId-368534.dhtml
368244,皖南医科大学,安徽,安徽省,0,0,0,https://yz.chsi.com.cn/sch/schoolInfo--schId-368244.dhtml
3274440551,皖西学院,安徽,安徽省,0,0,0,https://yz.chsi.com.cn/sch/schoolInfo--schId-3274440551.dhtml
2124779846,盐城工学院,江苏,江苏省,0,0,0,https://yz.chsi.com.cn/sch/schoolInfo--schId-2124779846.dhtml
3274412205,盐城师范学院,江苏,江苏省,0,0,0,https://yz.chsi.com.cn/sch/schoolInfo--schId-3274412205.dhtml
367983,石家庄铁道大学,河北,河北省,0,0,0,https://yz.chsi.com.cn/sch/schoolInfo--schId-367983.dhtml
367781,石油勘探开发科学研究院,北京,中国石油天然气集团公司,0,0,0,https://yz.chsi.com.cn/sch/schoolInfo--schId-367781.dhtml
367837,石油化工科学研究院,北京,中国石油化工集团有限公司,0,0,0,https://yz.chsi.com.cn/sch/schoolInfo--schId-367837.dhtml
368251,福建中医药大学,福建,福建省,0,0,0,https://yz.chsi.com.cn/sch/schoolInfo--schId-368251.dhtml
368253,福建农林大学,福建,福建省,0,0,0,https://yz.chsi.com.cn/sch/schoolInfo--schId-368253.dhtml
368252,福建医科大学,福建,福建省,0,0,0,https://yz.chsi.com.cn/sch/schoolInfo--schId-368252.dhtml
368246,福建师范大学,福建,福建省,0,0,0,https://yz.chsi.com.cn/sch/schoolInfo--schId-368246.dhtml
3416382320,福建江夏学院,福建,福建省,0,0,0,https://yz.chsi.com.cn/sch/schoolInfo--schId-3416382320.dhtml
688908804,福建理工大学,福建,福建省,0,0,0,https://yz.chsi.com.cn/sch/schoolInfo--schId-688908804.dhtml
368174,空军勤务学院,江苏,解放军,0,0,0,https://yz.chsi.com.cn/sch/schoolInfo--schId-368174.dhtml
368547,空军工程大学,陕西,解放军,0,0,0,https://yz.chsi.com.cn/sch/schoolInfo--schId-368547.dhtml
367826,空军指挥学院,北京,解放军,0,0,0,https://yz.chsi.com.cn/sch/schoolInfo--schId-367826.dhtml
679653,空军航空大学,吉林,解放军,0,0,0,https://yz.chsi.com.cn/sch/schoolInfo--schId-679653.dhtml
368350,空军预警学院,湖北,解放军,0,0,0,https://yz.chsi.com.cn/sch/schoolInfo--schId-368350.dhtml
3274413229,红河学院,云南,云南省,0,0,0,https://yz.chsi.com.cn/sch/schoolInfo--schId-3274413229.dhtml
688908649,绍兴大学,浙江,浙江省,0,0,0,https://yz.chsi.com.cn/sch/schoolInfo--schId-688908649.dhtml
302966133,绵阳师范学院,四川,四川省,0,0,0,https://yz.chsi.com.cn/sch/schoolInfo--schId-302966133.dhtml
368312,网络空间部队信息工程大学,河南,解放军,0,0,0,https://yz.chsi.com.cn/sch/schoolInfo--schId-368312.dhtml
368175,网络空间部队第五十六研究所,江苏,解放军,0,0,0,https://yz.chsi.com.cn/sch/schoolInfo--schId-368175.dhtml
368287,聊城大学,山东,山东省,0,0,0,https://yz.chsi.com.cn/sch/schoolInfo--schId-368287.dhtml
3416382896,联勤保障部队工程大学,重庆,解放军,0,0,0,https://yz.chsi.com.cn/sch/schoolInfo--schId-3416382896.dhtml
2807891252,肇庆学院,广东,广东省教育厅,0,0,0,https://yz.chsi.com.cn/sch/schoolInfo--schId-2807891252.dhtml
368282,自然资源部第一海洋研究所,山东,国家海洋局,0,0,0,https://yz.chsi.com.cn/sch/schoolInfo--schId-368282.dhtml
368247,自然资源部第三海洋研究所,福建,自然资源部,0,0,0,https://yz.chsi.com.cn/sch/schoolInfo--schId-368247.dhtml
368208,自然资源部第二海洋研究所,浙江,自然资源部,0,0,0,https://yz.chsi.com.cn/sch/schoolInfo--schId-368208.dhtml
368532,航天动力技术研究院,陕西,工业与信息化部,0,0,0,https://yz.chsi.com.cn/sch/schoolInfo--schId-368532.dhtml
3274412277,苏州工学院,江苏,江苏省,0,0,0,https://yz.chsi.com.cn/sch/schoolInfo--schId-3274412277.dhtml
368152,苏州科技大学,江苏,江苏省,0,0,0,https://yz.chsi.com.cn/sch/schoolInfo--schId-368152.dhtml
2807891370,莆田学院,福建,福建省,0,0,0,https://yz.chsi.com.cn/sch/schoolInfo--schId-2807891370.dhtml
368243,蚌埠医科大学,安徽,安徽省,0,0,0,https://yz.chsi.com.cn/sch/schoolInfo--schId-368243.dhtml
2125728184,衡阳师范学院,湖南,湖南省,0,0,0,https://yz.chsi.com.cn/sch/schoolInfo--schId-2125728184.dhtml
3274414232,衢州学院,浙江,浙江省,0,0,0,https://yz.chsi.com.cn/sch/schoolInfo--schId-3274414232.dhtml
302981787,西京学院,陕西,陕西省,0,0,0,https://yz.chsi.com.cn/sch/schoolInfo--schId-302981787.dhtml
368593,西北师范大学,甘肃,甘肃省,0,0,0,https://yz.chsi.com.cn/sch/schoolInfo--schId-368593.dhtml
368575,西北政法大学,陕西,陕西省,0,0,0,https://yz.chsi.com.cn/sch/schoolInfo--schId-368575.dhtml
368549,西北核技术研究所,陕西,解放军,0,0,0,https://yz.chsi.com.cn/sch/schoolInfo--schId-368549.dhtml
368595,西北民族大学,甘肃,国家民族事务委员会,0,0,0,https://yz.chsi.com.cn/sch/schoolInfo--schId-368595.dhtml
368493,西华大学,四川,四川省,0,0,0,https://yz.chsi.com.cn/sch/schoolInfo--schId-368493.dhtml
368490,西华师范大学,四川,四川省,0,0,0,https://yz.chsi.com.cn/sch/schoolInfo--schId-368490.dhtml
368487,西南医科大学,四川,四川省,0,0,0,https://yz.chsi.com.cn/sch/schoolInfo--schId-368487.dhtml
368449,西南政法大学,重庆,重庆市,0,0,0,https://yz.chsi.com.cn/sch/schoolInfo--schId-368449.dhtml
368516,西南林业大学,云南,云南省,0,0,0,https://yz.chsi.com.cn/sch/schoolInfo--schId-368516.dhtml
368477,西南民族大学,四川,国家民族事务委员会,0,0,0,https://yz.chsi.com.cn/sch/schoolInfo--schId-368477.dhtml
368482,西南科技大学,四川,四川省,0,0,0,https://yz.chsi.com.cn/sch/schoolInfo--schId-368482.dhtml
368574,西安体育学院,陕西,陕西省体育局,0,0,0,https://yz.chsi.com.cn/sch/schoolInfo--schId-368574.dhtml
302980961,西安医学院,陕西,陕西省,0,0,0,https://yz.chsi.com.cn/sch/schoolInfo--schId-302980961.dhtml
368576,西安外国语大学,陕西,陕西省,0,0,0,https://yz.chsi.com.cn/sch/schoolInfo--schId-368576.dhtml
368558,西安工业大学,陕西,陕西省,0,0,0,https://yz.chsi.com.cn/sch/schoolInfo--schId-368558.dhtml
368563,西安工程大学,陕西,陕西省,0,0,0,https://yz.chsi.com.cn/sch/schoolInfo--schId-368563.dhtml
368559,西安建筑科技大学,陕西,陕西省,0,0,0,https://yz.chsi.com.cn/sch/schoolInfo--schId-368559.dhtml
368539,西安微电子技术研究所,陕西,工业与信息化部,0,0,0,https://yz.chsi.com.cn/sch/schoolInfo--schId-368539.dhtml
3274413951,西安文理学院,陕西,陕西省,0,0,0,https://yz.chsi.com.cn/sch/schoolInfo--schId-3274413951.dhtml
368570,西安热工研究院,陕西,转制科研单位,0,0,0,https://yz.chsi.com.cn/sch/schoolInfo--schId-368570.dhtml
368556,西安理工大学,陕西,陕西省,0,0,0,https://yz.chsi.com.cn/sch/schoolInfo--schId-368556.dhtml
368561,西安石油大学,陕西,陕西省,0,0,0,https://yz.chsi.com.cn/sch/schoolInfo--schId-368561.dhtml
368560,西安科技大学,陕西,陕西省,0,0,0,https://yz.chsi.com.cn/sch/schoolInfo--schId-368560.dhtml
368572,西安美术学院,陕西,陕西省,0,0,0,https://yz.chsi.com.cn/sch/schoolInfo--schId-368572.dhtml
679251,西安财经大学,陕西,陕西省,0,0,0,https://yz.chsi.com.cn/sch/schoolInfo--schId-679251.dhtml
368571,西安邮电大学,陕西,陕西省,0,0,0,https://yz.chsi.com.cn/sch/schoolInfo--schId-368571.dhtml
368573,西安音乐学院,陕西,陕西省,0,0,0,https://yz.chsi.com.cn/sch/schoolInfo--schId-368573.dhtml
3274441049,西昌学院,四川,四川省,0,0,0,https://yz.chsi.com.cn/sch/schoolInfo--schId-3274441049.dhtml
2615441003,西湖大学,浙江,浙江省,0,0,0,https://yz.chsi.com.cn/sch/schoolInfo--schId-2615441003.dhtml
2107935185,西藏农牧大学,西藏,西藏自治区,0,0,0,https://yz.chsi.com.cn/sch/schoolInfo--schId-2107935185.dhtml
368522,西藏民族大学,西藏,西藏自治区,0,0,0,https://yz.chsi.com.cn/sch/schoolInfo--schId-368522.dhtml
368523,西藏藏医药大学,西藏,西藏自治区,0,0,0,https://yz.chsi.com.cn/sch/schoolInfo--schId-368523.dhtml
367823,解放军医学院,北京,解放军,0,0,0,https://yz.chsi.com.cn/sch/schoolInfo--schId-367823.dhtml
368501,贵州中医药大学,贵州,贵州省,0,0,0,https://yz.chsi.com.cn/sch/schoolInfo--schId-368501.dhtml
368500,贵州医科大学,贵州,贵州省,0,0,0,https://yz.chsi.com.cn/sch/schoolInfo--schId-368500.dhtml
368495,贵州师范大学,贵州,贵州省,0,0,0,https://yz.chsi.com.cn/sch/schoolInfo--schId-368495.dhtml
3274414450,贵州师范学院,贵州,贵州省,0,0,0,https://yz.chsi.com.cn/sch/schoolInfo--schId-3274414450.dhtml
678581,贵州民族大学,贵州,贵州省,0,0,0,https://yz.chsi.com.cn/sch/schoolInfo--schId-678581.dhtml
368498,贵州财经大学,贵州,贵州省,0,0,0,https://yz.chsi.com.cn/sch/schoolInfo--schId-368498.dhtml
2125733175,贵阳学院,贵州,贵州省,0,0,0,https://yz.chsi.com.cn/sch/schoolInfo--schId-2125733175.dhtml
3274414302,贺州学院,广西,广西壮族自治区,0,0,0,https://yz.chsi.com.cn/sch/schoolInfo--schId-3274414302.dhtml
688908884,赣南医科大学,江西,江西省,0,0,0,https://yz.chsi.com.cn/sch/schoolInfo--schId-688908884.dhtml
368261,赣南师范大学,江西,江西省,0,0,0,https://yz.chsi.com.cn/sch/schoolInfo--schId-368261.dhtml
499721721,赤峰大学,内蒙古,内蒙古自治区,0,0,0,https://yz.chsi.com.cn/sch/schoolInfo--schId-499721721.dhtml
368045,辽宁中医药大学,辽宁,辽宁省,0,0,0,https://yz.chsi.com.cn/sch/schoolInfo--schId-368045.dhtml
368052,辽宁工业大学,辽宁,辽宁省,0,0,0,https://yz.chsi.com.cn/sch/schoolInfo--schId-368052.dhtml
368039,辽宁工程技术大学,辽宁,辽宁省,0,0,0,https://yz.chsi.com.cn/sch/schoolInfo--schId-368039.dhtml
368043,辽宁师范大学,辽宁,辽宁省,0,0,0,https://yz.chsi.com.cn/sch/schoolInfo--schId-368043.dhtml
368040,辽宁石油化工大学,辽宁,辽宁省,0,0,0,https://yz.chsi.com.cn/sch/schoolInfo--schId-368040.dhtml
368038,辽宁科技大学,辽宁,辽宁省,0,0,0,https://yz.chsi.com.cn/sch/schoolInfo--schId-368038.dhtml
3416379410,运城学院,山西,山西省,0,0,0,https://yz.chsi.com.cn/sch/schoolInfo--schId-3416379410.dhtml
368499,遵义医科大学,贵州,贵州省,0,0,0,https://yz.chsi.com.cn/sch/schoolInfo--schId-368499.dhtml
3274413086,遵义师范学院,贵州,贵州省,0,0,0,https://yz.chsi.com.cn/sch/schoolInfo--schId-3274413086.dhtml
302965637,邵阳学院,湖南,湖南省,0,0,0,https://yz.chsi.com.cn/sch/schoolInfo--schId-302965637.dhtml
688908956,郑州航空工业管理学院,河南,河南省,0,0,0,https://yz.chsi.com.cn/sch/schoolInfo--schId-688908956.dhtml
368319,郑州轻工业大学,河南,河南省,0,0,0,https://yz.chsi.com.cn/sch/schoolInfo--schId-368319.dhtml
688909319,重庆三峡科技大学,重庆,重庆市,0,0,0,https://yz.chsi.com.cn/sch/schoolInfo--schId-688909319.dhtml
3416382379,重庆中医药学院,重庆,重庆市,0,0,0,https://yz.chsi.com.cn/sch/schoolInfo--schId-3416382379.dhtml
368453,重庆交通大学,重庆,重庆市,0,0,0,https://yz.chsi.com.cn/sch/schoolInfo--schId-368453.dhtml
368452,重庆医科大学,重庆,重庆市,0,0,0,https://yz.chsi.com.cn/sch/schoolInfo--schId-368452.dhtml
368442,重庆工商大学,重庆,重庆市,0,0,0,https://yz.chsi.com.cn/sch/schoolInfo--schId-368442.dhtml
368451,重庆师范大学,重庆,重庆市,0,0,0,https://yz.chsi.com.cn/sch/schoolInfo--schId-368451.dhtml
2807892330,重庆文理学院,重庆,重庆市,0,0,0,https://yz.chsi.com.cn/sch/schoolInfo--schId-2807892330.dhtml
368441,重庆理工大学,重庆,重庆市,0,0,0,https://yz.chsi.com.cn/sch/schoolInfo--schId-368441.dhtml
302975907,重庆科技大学,重庆,重庆市,0,0,0,https://yz.chsi.com.cn/sch/schoolInfo--schId-302975907.dhtml
368454,重庆邮电大学,重庆,重庆市,0,0,0,https://yz.chsi.com.cn/sch/schoolInfo--schId-368454.dhtml
2807891547,金陵科技学院,江苏,江苏省,0,0,0,https://yz.chsi.com.cn/sch/schoolInfo--schId-2807891547.dhtml
367917,钢铁研究总院,北京,北京市,0,0,0,https://yz.chsi.com.cn/sch/schoolInfo--schId-367917.dhtml
2807892212,铜仁学院,贵州,贵州省,0,0,0,https://yz.chsi.com.cn/sch/schoolInfo--schId-2807892212.dhtml
368054,锦州医科大学,辽宁,辽宁省,0,0,0,https://yz.chsi.com.cn/sch/schoolInfo--schId-368054.dhtml
368060,长春中医药大学,吉林,吉林省,0,0,0,https://yz.chsi.com.cn/sch/schoolInfo--schId-368060.dhtml
688909852,长春大学,吉林,吉林省,0,0,0,https://yz.chsi.com.cn/sch/schoolInfo--schId-688909852.dhtml
368063,长春工业大学,吉林,吉林省,0,0,0,https://yz.chsi.com.cn/sch/schoolInfo--schId-368063.dhtml
302974482,长春工程学院,吉林,吉林省,0,0,0,https://yz.chsi.com.cn/sch/schoolInfo--schId-302974482.dhtml
677583,长春师范大学,吉林,吉林省,0,0,0,https://yz.chsi.com.cn/sch/schoolInfo--schId-677583.dhtml
368064,长春理工大学,吉林,吉林省,0,0,0,https://yz.chsi.com.cn/sch/schoolInfo--schId-368064.dhtml
1719522069,长江商学院,北京,北京市,0,0,0,https://yz.chsi.com.cn/sch/schoolInfo--schId-1719522069.dhtml
368360,长江大学,湖北,湖北省,0,0,0,https://yz.chsi.com.cn/sch/schoolInfo--schId-368360.dhtml
3274415400,长江师范学院,重庆,重庆市,0,0,0,https://yz.chsi.com.cn/sch/schoolInfo--schId-3274415400.dhtml
368351,长江科学院,湖北,水利部,0,0,0,https://yz.chsi.com.cn/sch/schoolInfo--schId-368351.dhtml
3274413879,长沙学院,湖南,湖南省,0,0,0,https://yz.chsi.com.cn/sch/schoolInfo--schId-3274413879.dhtml
368397,长沙理工大学,湖南,湖南省,0,0,0,https://yz.chsi.com.cn/sch/schoolInfo--schId-368397.dhtml
368385,长沙矿冶研究院,湖南,转制科研单位,0,0,0,https://yz.chsi.com.cn/sch/schoolInfo--schId-368385.dhtml
368383,长沙矿山研究院,湖南,转制科研单位,0,0,0,https://yz.chsi.com.cn/sch/schoolInfo--schId-368383.dhtml
499721619,长治医学院,山西,山西省,0,0,0,https://yz.chsi.com.cn/sch/schoolInfo--schId-499721619.dhtml
368250,闽南师范大学,福建,福建省,0,0,0,https://yz.chsi.com.cn/sch/schoolInfo--schId-368250.dhtml
302961334,闽江大学,福建,福建省,0,0,0,https://yz.chsi.com.cn/sch/schoolInfo--schId-302961334.dhtml
688908731,阜阳师范大学,安徽,安徽省,0,0,0,https://yz.chsi.com.cn/sch/schoolInfo--schId-688908731.dhtml
3416382502,陆军兵种大学,安徽,解放军,0,0,0,https://yz.chsi.com.cn/sch/schoolInfo--schId-3416382502.dhtml
368456,陆军军医大学,重庆,解放军,0,0,0,https://yz.chsi.com.cn/sch/schoolInfo--schId-368456.dhtml
368162,陆军工程大学,江苏,解放军,0,0,0,https://yz.chsi.com.cn/sch/schoolInfo--schId-368162.dhtml
368168,陆军指挥学院,江苏,解放军,0,0,0,https://yz.chsi.com.cn/sch/schoolInfo--schId-368168.dhtml
688910183,陆军步兵学院,江西,解放军,0,0,0,https://yz.chsi.com.cn/sch/schoolInfo--schId-688910183.dhtml
368412,陆军特种作战学院,广西,解放军,0,0,0,https://yz.chsi.com.cn/sch/schoolInfo--schId-368412.dhtml
688910089,陆军航空兵学院,北京,解放军,0,0,0,https://yz.chsi.com.cn/sch/schoolInfo--schId-688910089.dhtml
367820,陆军防化学院,北京,解放军,0,0,0,https://yz.chsi.com.cn/sch/schoolInfo--schId-367820.dhtml
3274413453,陇东学院,甘肃,甘肃省,0,0,0,https://yz.chsi.com.cn/sch/schoolInfo--schId-3274413453.dhtml
368565,陕西中医药大学,陕西,陕西省,0,0,0,https://yz.chsi.com.cn/sch/schoolInfo--schId-368565.dhtml
678648,陕西理工大学,陕西,陕西省,0,0,0,https://yz.chsi.com.cn/sch/schoolInfo--schId-678648.dhtml
368562,陕西科技大学,陕西,陕西省,0,0,0,https://yz.chsi.com.cn/sch/schoolInfo--schId-368562.dhtml
368249,集美大学,福建,福建省,0,0,0,https://yz.chsi.com.cn/sch/schoolInfo--schId-368249.dhtml
368296,青岛农业大学,山东,山东省,0,0,0,https://yz.chsi.com.cn/sch/schoolInfo--schId-368296.dhtml
368271,青岛大学,山东,山东省,0,0,0,https://yz.chsi.com.cn/sch/schoolInfo--schId-368271.dhtml
368286,青岛理工大学,山东,山东省,0,0,0,https://yz.chsi.com.cn/sch/schoolInfo--schId-368286.dhtml
368292,青岛科技大学,山东,山东省,0,0,0,https://yz.chsi.com.cn/sch/schoolInfo--schId-368292.dhtml
368596,青海师范大学,青海,青海省,0,0,0,https://yz.chsi.com.cn/sch/schoolInfo--schId-368596.dhtml
368598,青海民族大学,青海,青海省,0,0,0,https://yz.chsi.com.cn/sch/schoolInfo--schId-368598.dhtml
302960912,鞍山师范学院,辽宁,辽宁省,0,0,0,https://yz.chsi.com.cn/sch/schoolInfo--schId-302960912.dhtml
3416379770,韩山师范学院,广东,广东省,0,0,0,https://yz.chsi.com.cn/sch/schoolInfo--schId-3416379770.dhtml
3274412711,韶关学院,广东,广东省,0,0,0,https://yz.chsi.com.cn/sch/schoolInfo--schId-3274412711.dhtml
367861,首都体育学院,北京,北京市,0,0,0,https://yz.chsi.com.cn/sch/schoolInfo--schId-367861.dhtml
367825,首都儿科研究所,北京,北京市,0,0,0,https://yz.chsi.com.cn/sch/schoolInfo--schId-367825.dhtml
367865,首都医科大学,北京,北京市,0,0,0,https://yz.chsi.com.cn/sch/schoolInfo--schId-367865.dhtml
367927,首都经济贸易大学,北京,北京市,0,0,0,https://yz.chsi.com.cn/sch/schoolInfo--schId-367927.dhtml
368226,马鞍山矿山研究院,安徽,中钢集团公司,0,0,0,https://yz.chsi.com.cn/sch/schoolInfo--schId-368226.dhtml
368288,鲁东大学,山东,山东省,0,0,0,https://yz.chsi.com.cn/sch/schoolInfo--schId-368288.dhtml
368011,鲁迅美术学院,辽宁,辽宁省,0,0,0,https://yz.chsi.com.cn/sch/schoolInfo--schId-368011.dhtml
302965423,黄冈师范学院,湖北,湖北省,0,0,0,https://yz.chsi.com.cn/sch/schoolInfo--schId-302965423.dhtml
302974683,黑龙江东方学院,黑龙江,黑龙江省,0,0,0,https://yz.chsi.com.cn/sch/schoolInfo--schId-302974683.dhtml
368084,黑龙江中医药大学,黑龙江,黑龙江省,0,0,0,https://yz.chsi.com.cn/sch/schoolInfo--schId-368084.dhtml
368096,黑龙江八一农垦大学,黑龙江,黑龙江省,0,0,0,https://yz.chsi.com.cn/sch/schoolInfo--schId-368096.dhtml
368090,黑龙江大学,黑龙江,黑龙江省,0,0,0,https://yz.chsi.com.cn/sch/schoolInfo--schId-368090.dhtml
2807891734,黑龙江工程学院,黑龙江,黑龙江省,0,0,0,https://yz.chsi.com.cn/sch/schoolInfo--schId-2807891734.dhtml
368088,黑龙江省中医药科学院,黑龙江,黑龙江省,0,0,0,https://yz.chsi.com.cn/sch/schoolInfo--schId-368088.dhtml
368086,黑龙江省社会科学院,黑龙江,黑龙江省,0,0,0,https://yz.chsi.com.cn/sch/schoolInfo--schId-368086.dhtml
368083,黑龙江省科学院石油化学研究院,黑龙江,黑龙江省,0,0,0,https://yz.chsi.com.cn/sch/schoolInfo--schId-368083.dhtml
368092,黑龙江科技大学,黑龙江,黑龙江省,0,0,0,https://yz.chsi.com.cn/sch/schoolInfo--schId-368092.dhtml
302968430,黔南民族师范学院,贵州,贵州省,0,0,0,https://yz.chsi.com.cn/sch/schoolInfo--schId-302968430.dhtml
368294,齐鲁工业大学,山东,山东省,0,0,0,https://yz.chsi.com.cn/sch/schoolInfo--schId-368294.dhtml
2125721162,齐齐哈尔医学院,黑龙江,黑龙江省,0,0,0,https://yz.chsi.com.cn/sch/schoolInfo--schId-2125721162.dhtml
368094,齐齐哈尔大学,黑龙江,黑龙江省,0,0,0,https://yz.chsi.com.cn/sch/schoolInfo--schId-368094.dhtml
3274411999,龙岩学院,福建,福建省,0,0,0,https://yz.chsi.com.cn/sch/schoolInfo--schId-3274411999.dhtml
